"id_intencao","palavras_chave","tipo_resposta","resposta_padrao","pergunta_followup","peso"
"saudacao","olĂĄ|ola|oi|oii|oie|eai|eae|bom dia|boa tarde|boa noite|boa madrugada|tudo bem|tudo certo|beleza|blz|hello|hi|opa|salve|hey|e ai|e ae","direta","OlĂĄ! Eu sou o assistente do setor de produĂ§ĂŁo da Fashion Flow. Posso te ajudar com dĂşvidas sobre processos, tecidos, personalizaĂ§ĂŁo, qualidade, sustentabilidade, cuidados com a peĂ§a e prazos. Sobre o que vocĂŞ quer saber?","","3"
"saudacao_girias1","mano|bro|brother|vei|vĂŠi|parceiro|truta|fala aĂ­|fala ai|rapaz|chefe|parĂ§a|patrĂŁo|brabo","direta","Fala mano! TĂ´ aqui pra te ajudar com a produĂ§ĂŁo da Fashion Flow. Manda o papo!","","3"
"saudacao_girias2","mana|diva|bicha|bixa|minha flor|amiga|amiga querida","direta","Manda a boa, mana! Sou o bot da produĂ§ĂŁo da Fashion Flow, em que posso ajudar?","","3"
"despedida","tchau|atĂŠ logo|ate logo|atĂŠ mais|ate mais|flw|valeu|vlw|obrigado|obrigada|obg|grato|grata|abraĂ§o|abraco|era sĂł isso|resolvido|atĂŠ a prĂłxima|falou","direta","Foi um prazer te ajudar! Qualquer coisa, ĂŠ sĂł voltar a falar comigo. AtĂŠ mais!","","3"
"agradecimento_continuo","obrigada mas|valeu mas|obg mas|obrigado mas|brigada mas","direta","Imagina, fico feliz em ajudar! Pode mandar a prĂłxima dĂşvida.","","3"
"qualidade","qualidade|sobre qualidade|tĂłpico qualidade","guiada","Sobre qualidade, o que vocĂŞ quer saber?","Originalidade das peĂ§as|Durabilidade|Controle de qualidade|Defeitos de fabricaĂ§ĂŁo|CertificaĂ§Ăľes","4"
"qualidade_originalidade","original|originais|autĂŞntica|autentica|falso|falsa|falsificado|falsificada|pirata|ĂŠ original|peĂ§a original","direta","Todas as peĂ§as da Fashion Flow sĂŁo originais e produzidas internamente em nossa fĂĄbrica. NĂŁo revendemos peĂ§as de terceiros nem trabalhamos com produtos importados de qualidade duvidosa. Cada peĂ§a leva nossa etiqueta e cĂłdigo de rastreabilidade interna.","","6"
"qualidade_durabilidade","durabilidade|durĂĄvel|duravel|aguenta|quantas lavagens|resistente|resistĂŞncia|rasga|rasgar|roupa boa|roupa barata|vida Ăştil|dura quanto|dura muito|dura bastante|dura por quanto tempo","direta","Nossas peĂ§as sĂŁo desenvolvidas para resistir entre 50 e 80 lavagens mantendo cor, forma e textura, desde que respeitados os cuidados da etiqueta. Tecidos premium (alfaiataria, jeans pesado) chegam a 120 lavagens.","","6"
"qualidade_controle","controle de qualidade|inspeĂ§ĂŁo|inspecao|verificaĂ§ĂŁo|verificacao|testar peĂ§a|teste de qualidade|como verificam|verificam as pecas|verificam a peca|conferem as pecas","direta","Cada peĂ§a passa por 3 etapas de controle: 1) inspeĂ§ĂŁo do corte, 2) revisĂŁo pĂłs-costura, 3) inspeĂ§ĂŁo final antes da embalagem. PeĂ§as com qualquer desvio sĂŁo retrabalhadas ou descartadas conforme a gravidade.","","6"
"qualidade_defeito","veio com defeito|defeito de fabricaĂ§ĂŁo|peĂ§a com defeito|problema na peĂ§a|estragou|defeituosa|saiu errada|veio errada|costura solta|furo na peĂ§a|chegou com problema|chegou com defeito|veio com problema","direta","Se sua peĂ§a apresentou defeito de fabricaĂ§ĂŁo, esse atendimento ĂŠ feito pelo setor de devoluĂ§Ăľes. Vou te encaminhar.","","6"
"qualidade_certificacoes","certificaĂ§ĂŁo|certificacao|certificado|certificados|selo|selos|iso|abvtex|oeko-tex|bci|certificaĂ§ĂŁo de qualidade","direta","A Fashion Flow possui: certificaĂ§ĂŁo BCI (Better Cotton Initiative) para algodĂŁo sustentĂĄvel, OEKO-TEX Standard 100 para ausĂŞncia de substĂ˘ncias nocivas em alguns tecidos, e estamos em processo de certificaĂ§ĂŁo ABVTEX para responsabilidade social. DocumentaĂ§ĂŁo disponĂ­vel mediante solicitaĂ§ĂŁo.","","6"
"personalizacao","personalizaĂ§ĂŁo|personalizacao|customizaĂ§ĂŁo|customizacao|fazem personalizado|aceitam personalizaĂ§ĂŁo|posso personalizar|personalizar|customizar|tipos de estampa|fazem estampa|faz estampa","guiada","A Fashion Flow trabalha com personalizaĂ§ĂŁo. O que vocĂŞ quer saber?","Escolha uma opĂ§ĂŁo: Tipos de personalizaĂ§ĂŁo|Cores disponĂ­veis|Tamanhos disponĂ­veis|Quantidade mĂ­nima|Prazo de personalizaĂ§ĂŁo|Envio de arte","4"
"personalizacao_tipos","tipos de personalizaĂ§ĂŁo|opĂ§Ăľes de personalizaĂ§ĂŁo|que tipo de personalizaĂ§ĂŁo|formas de personalizar","guiada","Trabalhamos com 4 tipos de personalizaĂ§ĂŁo. Qual te interessa?","Escolha uma opĂ§ĂŁo: Estampa silkscreen|Estampa DTF (digital)|Bordado|Etiqueta personalizada|Modelagem exclusiva","4"
"personalizacao_silkscreen","silk|silkscreen|serigrafia|estampa serigrafia|silk screen|estampa tradicional","direta","Silkscreen (serigrafia) ĂŠ a tĂŠcnica tradicional de estampa. Ideal para tiragens acima de 30 peĂ§as (melhor custo por peĂ§a). Trabalha bem com atĂŠ 6 cores por arte (cada cor ĂŠ uma tela). Estampa muito resistente Ă  lavagem. Setup leva 2 dias Ăşteis e a produĂ§ĂŁo em si 3 a 5 dias.","","6"
"personalizacao_dtf","dtf|impressĂŁo digital|impressao digital|estampa digital|digital printing|estampa de qualquer cor","direta","DTF (Direct to Film) ĂŠ impressĂŁo digital. Ideal para tiragens pequenas (a partir de 5 peĂ§as) e desenhos com muitas cores ou gradientes â sem limite de cores. Prazo de 2 a 4 dias Ăşteis. Custo por peĂ§a maior que silkscreen, mas vale a pena em quantidade pequena.","","6"
"personalizacao_bordado","bordado|bordar|bordadinho|mĂĄquina de bordar|maquina de bordar|gravar nome bordado","direta","Bordado ĂŠ feito em mĂĄquina computadorizada. Aceitamos atĂŠ 12 cores de linha por arte. Ăreas pequenas (atĂŠ 10cm) em 3 dias Ăşteis; ĂĄreas maiores atĂŠ 7 dias. MĂ­nimo de 10 peĂ§as. Ideal para peitos, mangas e golas. Confere acabamento premium.","","6"
"personalizacao_etiqueta","etiqueta personalizada|etiqueta prĂłpria|etiqueta propria|etiqueta da marca|branding|marca prĂłpria|marca propria|etiqueta da minha marca|minha etiqueta","direta","Etiquetas personalizadas: etiqueta de gola, etiqueta de composiĂ§ĂŁo e tag externa. NecessĂĄrio enviar arte; pedido mĂ­nimo de 50 peĂ§as por modelo. Atendemos clientes com marca prĂłpria que querem usar nossa estrutura produtiva mantendo branding prĂłprio.","","6"
"personalizacao_modelagem_exclusiva","modelagem exclusiva|modelagem prĂłpria|modelagem propria|criar peĂ§a do zero|criar modelo|peĂ§a do zero|modelagem customizada|modelo Ăşnico","direta","Modelagem exclusiva: criamos um modelo Ăşnico a partir do briefing do cliente. Inclui ficha tĂŠcnica, prova piloto e ajustes. Pedido mĂ­nimo de 100 peĂ§as e prazo de desenvolvimento de 20 a 30 dias Ăşteis antes da produĂ§ĂŁo comeĂ§ar.","","6"
"personalizacao_cores","cores disponĂ­veis|cores na peĂ§a|paleta de cores|que cores tem|quais cores|cores em estoque|cores","guiada","Sobre cores, o que vocĂŞ quer saber?","Escolha uma opĂ§ĂŁo: Cores bĂĄsicas em estoque|Tingimento sob demanda|CombinaĂ§ĂŁo cor peĂ§a/estampa|Limite de cores por tĂŠcnica","4"
"cores_basicas","cores bĂĄsicas|cores em estoque|cores pronta entrega|paleta padrĂŁo|cores padrĂŁo|cores comuns|cores normais","direta","Mantemos 12 cores em estoque permanente: branco, preto, cinza mescla, cinza chumbo, azul marinho, azul royal, vermelho, vinho, verde militar, verde bandeira, amarelo e rosa. Pronta entrega, sem prazo adicional.","","6"
"cores_sob_demanda","tingir|tingimento|cor personalizada|cor especĂ­fica|cor especial|cor pantone|pantone|cor fora da paleta|tingir tecido|tingem|tinge","direta","Cores fora da nossa paleta padrĂŁo sĂŁo tingidas sob demanda. Pedido mĂ­nimo de 80 peĂ§as por cor e prazo adicional de 7 a 10 dias Ăşteis. Aceitamos referĂŞncia Pantone para tingimento exato. Para tons pastel ou neon, prazo pode ser maior.","","6"
"cores_combinacao","combinar cor|combinaĂ§ĂŁo de cor|estampa em peĂ§a escura|estampa em peĂ§a clara|cor da estampa|base branca","direta","Para combinaĂ§ĂŁo cor-da-peĂ§a com cor-da-estampa, recomendamos sempre amostra fĂ­sica antes da produĂ§ĂŁo em massa. Cores claras em tecidos escuros precisam de uma camada de base branca na estampa (que adiciona custo de cerca de 15% Ă  peĂ§a).","","6"
"cores_limite_tecnica","quantas cores na estampa|limite de cores|mĂĄximo de cores|cores na arte|quantas cores aceita","direta","Limites de cor por tĂŠcnica: silkscreen aceita atĂŠ 6 cores por arte (cada cor ĂŠ uma tela); DTF (digital) nĂŁo tem limite de cores; bordado aceita atĂŠ 12 cores de linha. Para artes com mais de 6 cores, indicamos DTF.","","6"
"personalizacao_tamanhos","tamanhos|grade de tamanho|tabela de tamanho|que tamanhos|quais tamanhos|tem tamanho","guiada","Sobre tamanhos, o que vocĂŞ precisa saber?","Escolha uma opĂ§ĂŁo: Grade adulto|Grade infantil|Plus size|Tabela de medidas","4"
"tamanhos_adulto","tamanho adulto|grade adulto|pp p m g gg|xgg|tamanho m|tamanho g|tamanho pp","direta","Grade adulta Fashion Flow: PP, P, M, G, GG e XGG. Todos os tamanhos disponĂ­veis sem custo adicional em qualquer peĂ§a do nosso catĂĄlogo.","","6"
"tamanhos_infantil","tamanho infantil|roupa infantil|tamanho crianĂ§a|tamanho de crianca|2 anos|4 anos|8 anos|10 anos|12 anos|14 anos|tamanho juvenil","direta","Grade infantil Fashion Flow: 2, 4, 6, 8, 10, 12 e 14 anos. Modelagem especĂ­fica para crianĂ§a (nĂŁo ĂŠ reduĂ§ĂŁo da grade adulta). Tecidos selecionados para pele sensĂ­vel.","","6"
"tamanhos_plus_size","plus size|tamanho plus|g1|g2|g3|g4|tamanho grande|tamanho especial|alĂŠm do gg|alem do gg","direta","Plus size adulto: G1 (equivalente a EGG), G2, G3 e G4. Modelagem prĂłpria, nĂŁo ĂŠ simples ampliaĂ§ĂŁo do GG. DisponĂ­vel em toda a linha exceto modelagens muito justas (algumas leggings esportivas).","","6"
"tamanhos_tabela_medidas","tabela de medidas|medidas em centĂ­metros|medidas em cm|busto|cintura|quadril|comprimento|guia de medidas|como medir","direta","A tabela de medidas em centĂ­metros (busto, cintura, quadril, comprimento, manga) estĂĄ disponĂ­vel em PDF. Vou te encaminhar para o setor de vendas que envia a tabela atualizada.","","6"
"personalizacao_quantidade","quantidade mĂ­nima|quantidade minima|mĂ­nimo|minimo|pedido mĂ­nimo|quantas peĂ§as|atacado ou varejo","guiada","Sobre quantidades, o que vocĂŞ quer saber?","Escolha uma opĂ§ĂŁo: MĂ­nimo por tipo de personalizaĂ§ĂŁo|MĂ­nimo por cor|Pedidos grandes (500+)|Pedidos pequenos (atĂŠ 30)","4"
"qtd_minima_personalizacao","mĂ­nimo por peĂ§a|mĂ­nimo silkscreen|mĂ­nimo dtf|mĂ­nimo bordado|quantidade mĂ­nima por tĂŠcnica","direta","Quantidade mĂ­nima por tĂŠcnica: silkscreen 30 peĂ§as; DTF 5 peĂ§as; bordado 10 peĂ§as; etiqueta personalizada 50 peĂ§as; modelagem exclusiva 100 peĂ§as.","","6"
"qtd_minima_cor","mĂ­nimo por cor|quantas peĂ§as por cor|mĂ­nimo de cor|mistura de cores no pedido","direta","Quando a peĂ§a ĂŠ personalizada em uma cor fora da paleta padrĂŁo (tingida sob demanda), o mĂ­nimo ĂŠ 80 peĂ§as por cor. Para cores da paleta padrĂŁo (12 cores em estoque), nĂŁo hĂĄ mĂ­nimo por cor â sĂł o mĂ­nimo do tipo de personalizaĂ§ĂŁo.","","6"
"qtd_grande_volume","pedido grande|pedido alto volume|500 peĂ§as|1000 peĂ§as|atacado|grande quantidade|alta tiragem|alto volume","direta","Pedidos acima de 500 peĂ§as tĂŞm: desconto progressivo, prazo planejado em fases (lotes de 100 a 200 peĂ§as), entregas parciais, ficha tĂŠcnica completa. O setor de vendas faz orĂ§amento personalizado.","","6"
"qtd_pequena_volume","poucas peĂ§as|pedido pequeno|menos de 30 peĂ§as|peĂ§as unitĂĄrias|pequena tiragem|produĂ§ĂŁo pequena","direta","Para pedidos pequenos (atĂŠ 30 peĂ§as), recomendamos DTF (impressĂŁo digital) em vez de silkscreen â o setup do silk nĂŁo compensa em tiragem pequena. Bordado funciona bem em qualquer quantidade. Para menos de 5 peĂ§as, nĂŁo atendemos.","","6"
"personalizacao_prazo","prazo de personalizaĂ§ĂŁo|quanto tempo personalizaĂ§ĂŁo|demora personalizaĂ§ĂŁo|prazo silk|prazo bordado|prazo dtf|demora pra personalizar|demora pra estampar|quanto tempo pra personalizar|prazo pra estampar|prazo pra personalizar","direta","Prazo de personalizaĂ§ĂŁo (somado ao prazo da peĂ§a base): silkscreen 5 a 7 dias Ăşteis; DTF 2 a 4 dias; bordado 3 a 7 dias; modelagem exclusiva 20 a 30 dias Ăşteis antes da produĂ§ĂŁo em si.","","6"
"personalizacao_envio_arte","enviar arte|mandar arte|formato da arte|arquivo da arte|png ai pdf|resoluĂ§ĂŁo da arte|como mandar arte|qual formato|png|cdr|pdf|mandar arquivo|mando o arquivo|aceita arquivo","direta","Aceitamos artes em PNG, AI, PDF ou SVG com resoluĂ§ĂŁo mĂ­nima de 300dpi. Para bordado, precisamos do arquivo em vetor (AI ou SVG). Envie pelo e-mail comercial ou pelo WhatsApp da equipe â o setor de arte faz prĂŠ-anĂĄlise antes de aprovar para produĂ§ĂŁo.","","6"
"sustentabilidade","sustentabilidade|sustentĂĄvel|ecolĂłgico|ecologico|meio ambiente|impacto ambiental|esg|responsabilidade ambiental","guiada","A Fashion Flow leva sustentabilidade a sĂŠrio. Sobre o que vocĂŞ quer saber?","Escolha uma opĂ§ĂŁo: Aproveitamento de tecido|Materiais sustentĂĄveis|Reciclagem de sobras|Tinturas e quĂ­micos|PrĂĄticas trabalhistas|LogĂ­stica sustentĂĄvel","4"
"sustent_aproveitamento","aproveitamento de tecido|encaixe de molde|reduzir desperdĂ­cio|desperdĂ­cio|desperdicio|sobras de corte|otimizaĂ§ĂŁo de corte","direta","Usamos encaixe digital de moldes que reduz o desperdĂ­cio de tecido em atĂŠ 18% comparado ao corte tradicional. Sobras maiores viram peĂ§as complementares (bolsas, carteiras) e sobras pequenas vĂŁo para reciclagem tĂŞxtil.","","6"
"sustent_materiais_eco","algodĂŁo orgĂ˘nico|algodao organico|poliĂŠster reciclado|rpet|tencel|bambu|fibra sustentĂĄvel|material sustentĂĄvel|tecido sustentĂĄvel|tecido ecolĂłgico","direta","Trabalhamos com algodĂŁo certificado BCI, poliĂŠster reciclado rPET (feito de garrafas PET) e tencel (fibra de celulose de eucalipto). Linha eco corresponde a cerca de 30% do nosso catĂĄlogo e estĂĄ crescendo.","","6"
"sustent_reciclagem","reciclam|reciclagem|reciclagem de tecido|reciclagem tĂŞxtil|reaproveita|reaproveitamento|economia circular","direta","Sobras de tecido sĂŁo separadas por composiĂ§ĂŁo e enviadas para parceiros de reciclagem tĂŞxtil â viram enchimento de almofadas, mantas industriais e fios reciclados que voltam para nossa cadeia produtiva.","","6"
"sustent_quimicos","tinta tĂłxica|tinta toxica|quĂ­mica|quimica|substĂ˘ncia nociva|sem quĂ­mico|tinta segura|corante|sem corante|hipoalergĂŞnico|tinta faz mal|faz mal a saude","direta","Nossas tintas e corantes seguem padrĂľes OEKO-TEX Standard 100, que limita substĂ˘ncias nocivas. Para a linha infantil e pele sensĂ­vel, usamos apenas tintas certificadas. NĂŁo usamos formaldeĂ­do, ftalatos ou metais pesados.","","6"
"sustent_trabalho","condiĂ§Ăľes de trabalho|trabalho escravo|trabalho anĂĄlogo|trabalho infantil|costureira clt|clt|terceirizaĂ§ĂŁo|terceiriza|facĂ§ĂŁo","direta","Toda a produĂ§ĂŁo ĂŠ feita dentro da nossa fĂĄbrica com colaboradores CLT. NĂŁo terceirizamos para facĂ§Ăľes sem auditoria. Realizamos auditorias semestrais para garantir condiĂ§Ăľes adequadas e cumprimento da legislaĂ§ĂŁo trabalhista. Estamos em processo de certificaĂ§ĂŁo ABVTEX.","","6"
"sustent_vegano","vegano|vegana|sem couro|cruelty free|sem produto animal|origem animal","direta","A Fashion Flow nĂŁo trabalha com couro animal, lĂŁ produzida com maus-tratos, seda convencional (que sacrifica bichos-da-seda) ou peles. A maioria do nosso catĂĄlogo ĂŠ vegana. Para peĂ§as com lĂŁ, usamos apenas fornecedores com certificaĂ§ĂŁo de bem-estar animal.","","6"
"sustent_logistica","embalagem sustentĂĄvel|embalagem reciclĂĄvel|caixa reciclĂĄvel|saco plĂĄstico|plĂĄstico|sacola|embalagem ecolĂłgica","direta","Nossas embalagens sĂŁo de papel kraft reciclĂĄvel ou plĂĄstico reciclado (rPET). Estamos eliminando gradualmente plĂĄsticos virgens. As caixas de envio sĂŁo feitas de papelĂŁo reciclado e podem ser reaproveitadas.","","6"
"manutencao","manutenĂ§ĂŁo|manutencao|cuidado com a peĂ§a|cuidados com a roupa|como conservar|conservaĂ§ĂŁo|como cuido|cuido da peca|cuidar da peca","guiada","Sobre cuidados com a peĂ§a, qual sua dĂşvida?","Escolha uma opĂ§ĂŁo: Como lavar|Ferro de passar|Secadora|Alvejante|Tirar mancha|Cuidados por tecido|Encolhimento|Desbotamento","4"
"manut_lavar","como lavar|lavagem|lavar a peĂ§a|posso lavar|lavar Ă  mĂĄquina|lavar a maquina|lavar Ă  mĂŁo|lavar a mao|temperatura da ĂĄgua|agua fria|agua quente","direta","Lavagem recomendada: mĂĄquina em ciclo delicado, ĂĄgua fria (atĂŠ 30Â°C), peĂ§as do avesso e separadas por cor. Para peĂ§as com estampa, sempre do avesso. NĂŁo deixe peĂ§as molhadas amontoadas â pode manchar.","","6"
"manut_ferro","pode passar a ferro|passar ferro|ferro de passar|temperatura ferro|ferro quente|engomar|passadoria|temperatura|temperatura do ferro","direta","Pode passar a ferro respeitando a temperatura por tecido: algodĂŁo atĂŠ 200Â°C; viscose atĂŠ 150Â°C; sintĂŠticos atĂŠ 110Â°C. PeĂ§as com estampa, passe sempre do avesso para preservar a estampa.","","6"
"manut_secadora","pode na secadora|secadora|secar na secadora|secadora ou varal|tumble dry","direta","NĂŁo recomendamos secadora. O calor acelera o desgaste, pode encolher (principalmente algodĂŁo) e prejudica estampas. Prefira secar Ă  sombra, no varal, com a peĂ§a do avesso para preservar a cor.","","6"
"manut_alvejante","alvejante|ĂĄgua sanitĂĄria|agua sanitaria|cloro|qboa|posso usar alvejante|peĂ§a branca","direta","NĂŁo use alvejante. Danifica fibras, descolore tecidos coloridos e estampas, e amarela o branco com o tempo. Para manchas, use sabĂŁo neutro com escovaĂ§ĂŁo suave ou produtos especĂ­ficos para tecidos.","","6"
"manut_mancha","tirar mancha|remover mancha|mancha de comida|mancha de Ăłleo|mancha de cafĂŠ|mancha de vinho|tira mancha|manchou","direta","Para tirar manchas: aja rĂĄpido, nunca esfregue (espalha), use pano Ăşmido de fora pra dentro. Ăleo: sabĂŁo neutro. CafĂŠ/vinho: ĂĄgua gelada e bicarbonato. Sangue: ĂĄgua gelada (nunca quente). Manchas difĂ­ceis: lavanderia especializada.","","6"
"manut_por_tecido","cuidado por tecido|tecido especĂ­fico|cuidados especĂ­ficos|por tipo de tecido","guiada","Sobre qual tecido vocĂŞ quer cuidados especĂ­ficos?","Escolha uma opĂ§ĂŁo: AlgodĂŁo|Viscose|PoliĂŠster|Linho|Jeans|LĂŁ|Malha|Moletom","4"
"cuidados_algodao","cuidado algodĂŁo|lavar algodĂŁo|algodĂŁo encolhe","direta","AlgodĂŁo: mĂĄquina ĂĄgua fria, secagem natural. Encolhe atĂŠ 5% na primeira lavagem. Pode passar a ferro em alta temperatura. Evite torcer com forĂ§a.","","6"
"cuidados_viscose","cuidado viscose|lavar viscose|viscose amassa","direta","Viscose: lavar Ă  mĂŁo ou ciclo delicado, ĂĄgua fria. NĂŁo torcer. Secar na horizontal pra nĂŁo deformar. Passar ferro morno (atĂŠ 150Â°C).","","6"
"cuidados_poliester","cuidado poliĂŠster|lavar poliĂŠster|poliester|pet","direta","PoliĂŠster: lavagem Ă  mĂĄquina sem problema, muito resistente. Seca rĂĄpido. Geralmente nĂŁo precisa passar a ferro. Cuidado: derrete acima de 110Â°C.","","6"
"cuidados_linho","cuidado linho|lavar linho|linho amassa","direta","Linho: ciclo delicado, ĂĄgua fria. Amassa muito â ĂŠ parte da estĂŠtica. Passar a ferro com vapor enquanto Ăşmido facilita. Evite secadora.","","6"
"cuidados_jeans","cuidado jeans|lavar jeans|jeans desbota|conservar jeans","direta","Jeans: lave pouco â quanto menos lavagem, melhor conserva a cor. Sempre do avesso, ĂĄgua fria, sem amaciante. Para amaciar, vinagre branco diluĂ­do na primeira lavagem ajuda.","","6"
"cuidados_la","cuidado lĂŁ|lavar lĂŁ|cuidado la|tricĂ´|tricot","direta","LĂŁ: lavagem Ă  mĂŁo ou ciclo lĂŁ, ĂĄgua fria, sabĂŁo neutro. Nunca torcer. Secar deitada sobre toalha pra nĂŁo deformar. NĂŁo passar ferro direto â use pano Ăşmido entre o ferro e a peĂ§a.","","6"
"cuidados_malha","cuidado malha|lavar malha|malha estica|malha encolhe","direta","Malha (camisetas, basicwear): ciclo delicado, ĂĄgua fria. Pode usar secadora em temperatura baixa, mas o ideal ĂŠ varal. NĂŁo pendurar molhada em cabide â deforma o ombro. Secar dobrada.","","6"
"cuidados_moletom","cuidado moletom|lavar moletom|moletom encolhe|moletom desbota","direta","Moletom: do avesso, ĂĄgua fria, ciclo delicado. NĂŁo usar amaciante â deixa o tecido duro com o tempo. Secar na horizontal, evitar sol direto pra nĂŁo desbotar. NĂŁo passar a ferro na parte felpuda interna.","","6"
"manut_encolhimento","encolheu|encolhimento|peĂ§a encolheu|encolhe|encolheu na lavagem|menor do que era","direta","Encolhimento ocorre principalmente em algodĂŁo (atĂŠ 5% na primeira lavagem). Para minimizar: ĂĄgua fria, sem secadora, sem torcer. Se jĂĄ encolheu pouco, alongue durante a secagem ainda Ăşmida. Encolhimento acima de 5% pode ser defeito â fale com devoluĂ§Ăľes.","","6"
"manut_desbotamento","desbotou|desbotamento|peĂ§a desbotou|perdeu a cor|cor saiu|cor desbotou|cor sumiu","direta","Desbotamento ĂŠ causado principalmente por: ĂĄgua quente, sol direto na secagem, alvejante e excesso de lavagens. Para minimizar: ĂĄgua fria, do avesso, Ă  sombra, sem alvejante. Se desbotou logo na primeira lavagem seguindo as orientaĂ§Ăľes, pode ser defeito â fale com devoluĂ§Ăľes.","","6"
"producao","produĂ§ĂŁo|producao|processo produtivo|como produzem|como funciona produĂ§ĂŁo|como ĂŠ feito|como e feito|fabricam|fabricaĂ§ĂŁo|confecĂ§ĂŁo|confeccionam","guiada","Sobre nosso processo de produĂ§ĂŁo, o que vocĂŞ quer saber?","Escolha uma opĂ§ĂŁo: Etapas do processo|Onde ĂŠ produzido|Capacidade produtiva|Tecnologia|Equipe|Modelagem|Corte e costura","4"
"producao_etapas","etapas de produĂ§ĂŁo|fases de produĂ§ĂŁo|passos da produĂ§ĂŁo|fluxo de produĂ§ĂŁo|do inĂ­cio ao fim","direta","Nossa produĂ§ĂŁo tem 6 etapas: 1) modelagem digital, 2) corte automatizado, 3) costura modular, 4) lavanderia (quando aplicĂĄvel), 5) acabamento e personalizaĂ§ĂŁo, 6) controle de qualidade e embalagem. Do pedido Ă  expediĂ§ĂŁo: 15 a 30 dias Ăşteis em mĂŠdia.","","6"
"producao_onde","onde fica a fĂĄbrica|onde produz|onde ĂŠ produzido|local de produĂ§ĂŁo|fĂĄbrica brasileira|china|importado|produĂ§ĂŁo no brasil|made in brazil","direta","Toda a produĂ§ĂŁo da Fashion Flow ĂŠ feita no Brasil, em nossa fĂĄbrica prĂłpria. NĂŁo terceirizamos para facĂ§Ăľes externas sem auditoria nem importamos produtos prontos. Isso garante padrĂŁo de qualidade consistente e cumprimento das condiĂ§Ăľes trabalhistas.","","6"
"producao_capacidade","quantas peĂ§as por mĂŞs|capacidade produtiva|capacidade da fĂĄbrica|volume de produĂ§ĂŁo|quantas peĂ§as produzem|produĂ§ĂŁo mensal","direta","Capacidade mĂŠdia mensal: 8 mil a 12 mil peĂ§as, dependendo da complexidade. Picos sazonais (Black Friday, Natal) podem chegar a 18 mil peĂ§as/mĂŞs com planejamento antecipado.","","6"
"producao_tecnologia","tecnologia|mĂĄquinas|equipamentos|automaĂ§ĂŁo|automatizaĂ§ĂŁo|cad|encaixe digital|mĂĄquina de costura|moderno","direta","Usamos modelagem CAD, corte automatizado com encaixe digital (reduz desperdĂ­cio), mĂĄquinas industriais de costura com sensores, mĂĄquina de bordado computadorizada e impressĂŁo DTF para personalizaĂ§ĂŁo digital.","","6"
"producao_equipe","equipe|funcionĂĄrios|funcionarios|colaboradores|quantos trabalham|tamanho da equipe|costureiras|equipe da produĂ§ĂŁo","direta","Nossa produĂ§ĂŁo tem cerca de 45 colaboradores divididos entre modelagem, corte, costura, acabamento e controle de qualidade. Toda a equipe ĂŠ CLT, com treinamento contĂ­nuo. A maioria estĂĄ na empresa hĂĄ mais de 3 anos.","","6"
"producao_modelagem","modelagem|piloto|prova piloto|ficha tĂŠcnica|ficha tecnica|molde|moldes|desenho tĂŠcnico","direta","A modelagem ĂŠ digital (CAD), o que permite ajustes precisos e encaixe otimizado de moldes. Para clientes com modelagem exclusiva, fazemos prova piloto e atĂŠ 2 rodadas de ajustes antes da produĂ§ĂŁo em lote.","","6"
"producao_corte_costura","corte|mĂĄquina de corte|costura|tipo de costura|costura reta|overloque|interloque|galoneira","direta","Corte automatizado em mesa de corte computadorizada. Costura modular: cada peĂ§a passa por estaĂ§Ăľes especializadas (overloque, galoneira, costura reta, casas, botĂľes, acabamento). Isso garante qualidade consistente em todas as peĂ§as do lote.","","6"
"catalogo","tipo de produto|quais produtos|o que vocĂŞs fazem|o que voces fazem|o que vocĂŞs produzem|catĂĄlogo|catalogo|linha de produtos|produtos|quais os produtos|que produtos|lista de produtos|ver produtos","guiada","A Fashion Flow tem vĂĄrias linhas. Qual te interessa?","Escolha uma opĂ§ĂŁo: Camisetas e bĂĄsicas|Moletons e jaquetas|CalĂ§as e shorts|Vestidos|Uniformes corporativos|Linha infantil","4"
"cat_camisetas","camiseta|camisetas|baby look|regata|polo|gola careca|gola v|gola redonda|t-shirt|tshirt|oversized","direta","Linha de camisetas: bĂĄsica (100% algodĂŁo, gola careca/V/polo), premium (algodĂŁo pima penteado), regata, baby look e oversized. Gramaturas de 140g a 220g. Todas as 12 cores em pronta entrega.","","6"
"cat_moletons","moletom|moletons|jaqueta|capuz|sweatshirt|hoodie|jaqueta moletom|corta-vento|puffer|casaco","direta","Linha de moletons: flanelado (inverno), peluciado (meia estaĂ§ĂŁo), com capuz, sem capuz, com zĂ­per (jaqueta moletom). TambĂŠm jaqueta corta-vento e jaqueta puffer. Gramaturas de 280g a 380g.","","6"
"cat_calcas","calĂ§a|calcas|jeans|alfaiataria|jogger|legging|short|bermuda|calĂ§a moletom|calĂ§a social|skinny|wide leg","direta","Linha de calĂ§as: jeans (5 modelagens â skinny, reta, wide leg, mom, flare), alfaiataria, jogger, legging, calĂ§a moletom, bermuda esportiva e short jeans. Modelagens femininas, masculinas e unissex.","","6"
"cat_vestidos","vestido|vestidos|vestido midi|vestido longo|vestido de festa|vestido camisa|vestido moletom|vestidinho","direta","Linha de vestidos: bĂĄsico de malha, midi viscose, longo de festa (sob demanda), vestido camisa, vestido moletom (estilo casual). Trabalhamos do PP ao G4.","","6"
"cat_uniformes","uniforme|uniformes|uniforme corporativo|uniforme empresa|jaleco|avental|uniforme escolar|uniforme industrial|epi|enxoval profissional","direta","Uniformes corporativos: polo, camisa social, jaleco, avental, conjuntos industriais, linha saĂşde e alimentaĂ§ĂŁo. Pedido mĂ­nimo 50 peĂ§as, personalizaĂ§ĂŁo inclusa (logo, nome do colaborador).","","6"
"cat_infantil","infantil|crianĂ§a|crianca|kids|roupa infantil|moda infantil|bebĂŞ|bebe|conjunto infantil","direta","Linha infantil: camisetas, conjuntos, moletons, vestidinhos e bermudas. Grade de 2 a 14 anos com modelagem prĂłpria. Tecidos certificados OEKO-TEX (pele sensĂ­vel, sem corantes agressivos).","","6"
"cat_nao_fazemos","fazem calĂ§ado|fazem sapato|fazem tĂŞnis|fazem acessĂłrio|fazem bolsa|fazem joia|fazem roupa Ă­ntima|fazem cueca|fazem calcinha|fazem sutiĂŁ|fazem biquĂ­ni|fazem maiĂ´","direta","A Fashion Flow trabalha apenas com vestuĂĄrio (parte de cima e parte de baixo do corpo). NĂŁo fazemos calĂ§ado, acessĂłrio (bolsa, cinto), joia, roupa Ă­ntima (cueca, calcinha, sutiĂŁ) nem moda praia (biquĂ­ni, maiĂ´).","","6"
"sugestao_produto","sugestĂŁo de produto|sugere produto|me indica peĂ§a|me sugere peĂ§a|recomenda peĂ§a|recomendaĂ§ĂŁo de peĂ§a|o que vocĂŞs tĂŞm|que peĂ§a vocĂŞ indica|o que voce indica|me indica|indica um produto|sugere uma peca","guiada","Te ajudo a escolher! Para qual ocasiĂŁo vocĂŞ procura?","Escolha uma opĂ§ĂŁo: Casual / dia a dia|Trabalho / corporativo|Esporte / academia|Festa / ocasiĂŁo especial|Inverno|VerĂŁo|Uniforme empresa|Presente","4"
"sug_casual","casual|dia a dia|cotidiano|para usar todo dia|peĂ§a bĂĄsica|bĂĄsico|basico|peĂ§a de uso diĂĄrio","direta","Para o dia a dia indico nossas peĂ§as mais versĂĄteis: camiseta bĂĄsica (algodĂŁo 100%), camiseta premium pima, jogger, moletom oversized. Saem em todas as 12 cores de estoque e sĂŁo as mais pedidas da linha casual.","","6"
"sug_trabalho","trabalho|corporativo|escritĂłrio|ambiente formal|reuniĂŁo|reuniao|business casual","direta","Para trabalho indico: camisa polo, camisa social, calĂ§a alfaiataria, vestido camisa. Ambiente formal prefira tons neutros (preto, marinho, branco, cinza); ambiente criativo, tons mais vivos.","","6"
"sug_esporte","esporte|academia|treino|exercĂ­cio|corrida|yoga|pilates|crossfit|funcional|atividade fĂ­sica","direta","Para esporte indico: camiseta dry fit (poliĂŠster com toque seco), legging suplex, bermuda esportiva, regata. Tecidos para suor, secagem rĂĄpida e elasticidade.","","6"
"sug_festa","festa|evento|formatura|casamento|aniversĂĄrio|ocasiĂŁo especial|ocasiao especial|jantar|gala","direta","Para festa indico: vestido longo (sob demanda, 20 a 30 dias Ăşteis), vestido midi viscose, camisa social premium. Para ocasiĂľes muito especiais, oferecemos modelagem exclusiva.","","6"
"sug_inverno","inverno|frio|peĂ§a de inverno|peĂ§a quente|peĂ§a pra frio|aquecer|quentinho|epoca fria|algo quente","direta","Para inverno indico: moletom flanelado (380g), jaqueta puffer, calĂ§a jeans pesada, peĂ§as de lĂŁ (sob demanda). SobreposiĂ§Ăľes funcionam melhor que uma peĂ§a muito grossa sĂł.","","6"
"sug_verao","verĂŁo|verao|calor|peĂ§a leve|peĂ§a fresca|peĂ§a pra calor|peĂ§a de verĂŁo|fresquinho|algo fresco|algo leve|leve e fresco","direta","Para verĂŁo indico: linho, viscose, algodĂŁo leve (140g), camiseta regata, vestido midi de malha, bermuda. Cores claras esquentam menos.","","6"
"sug_uniforme","sugestĂŁo de uniforme|qual uniforme|indica uniforme|melhor uniforme","direta","Para uniforme empresarial fazemos atendimento completo: polo (mais usado), camisa social, jaleco, avental, conjuntos. Inclui logo bordado ou silk, nome do colaborador opcional. MĂ­nimo 50 peĂ§as.","","6"
"sug_presente","presente|presentear|presente pra namorada|presente pra namorado|presente pra mĂŁe|presente pra pai|presente de aniversĂĄrio|gift","direta","Para presente indico: peĂ§as premium (algodĂŁo pima, alfaiataria leve), vestido midi, moletom personalizado com nome bordado. Embalamos em saco kraft com tag personalizada se solicitado no ato do pedido.","","6"
"tecidos","tecido|tecidos|pano|panos|fibra|que tecido|quais tecidos|qualidade do tecido|composiĂ§ĂŁo do tecido","guiada","Sobre tecidos, o que vocĂŞ quer saber?","Escolha uma opĂ§ĂŁo: Lista de tecidos disponĂ­veis|ComposiĂ§ĂŁo de cada peĂ§a|Origem dos tecidos|SugestĂŁo por uso|Tecido para pele sensĂ­vel|NĂŁo trabalhamos com","4"
"tec_disponiveis","quais tecidos|tecidos disponĂ­veis|lista de tecidos|tecidos que trabalham|o que vocĂŞs usam|tipos de tecido","direta","Trabalhamos com: algodĂŁo (bĂĄsico, penteado, pima), poliĂŠster (incluindo rPET reciclado), viscose, linho, malha mista, moletom flanelado e peluciado, suplex, dry fit, lĂŁ, jeans (vĂĄrias gramaturas) e tencel. NĂŁo trabalhamos com couro animal nem seda convencional.","","6"
"tec_composicao","composiĂ§ĂŁo|composicao|porcentagem|% algodĂŁo|% poliĂŠster|do que ĂŠ feito|de que ĂŠ feito|material da peĂ§a","direta","ComposiĂ§ĂŁo varia por produto, sempre indicada na etiqueta. Exemplos: camiseta bĂĄsica 100% algodĂŁo; moletom 80% algodĂŁo / 20% poliĂŠster; dry fit 95% poliĂŠster / 5% elastano; jeans 98% algodĂŁo / 2% elastano; viscose pura 100% viscose.","","6"
"tec_origem","origem do tecido|de onde vem o tecido|fornecedor de tecido|tecelagem|malharia|tecido nacional|tecido importado","direta","Compramos tecido de malharias e tecelagens brasileiras (Santa Catarina, Minas Gerais e SĂŁo Paulo). Para algodĂŁo certificado, trabalhamos com fornecedores que comprovem origem (BCI ou orgĂ˘nico). NĂŁo compramos tecidos com origem nĂŁo rastreĂĄvel.","","6"
"tec_pele_sensivel","pele sensĂ­vel|pele sensivel|alĂŠrgico|alergico|alergia|dermatite|bebĂŞ|crianĂ§a|hipoalergĂŞnico|sem corante","direta","Para pele sensĂ­vel indico: algodĂŁo 100% certificado OEKO-TEX (sem substĂ˘ncias nocivas), bambu (hipoalergĂŞnico) e tencel. Toda nossa linha infantil usa esses critĂŠrios. Evite poliĂŠster puro, fechos metĂĄlicos em contato direto com a pele e corantes agressivos.","","6"
"tec_couro","couro|couro animal|couro vegano|couro sintĂŠtico|fazem couro|trabalham couro","direta","NĂŁo trabalhamos com couro animal por questĂŁo de sustentabilidade e bem-estar animal. TambĂŠm nĂŁo usamos couro sintĂŠtico em larga escala (PVC tem alto impacto ambiental). Para peĂ§as com aparĂŞncia de couro, usamos tecidos com revestimento.","","6"
"sug_tecido_uso","qual tecido|que tecido|melhor tecido pra|tecido ideal|sugere tecido|recomenda tecido","guiada","Para qual uso vocĂŞ quer indicaĂ§ĂŁo de tecido?","Escolha uma opĂ§ĂŁo: Clima quente|Clima frio|Uso diĂĄrio|Esporte|OcasiĂŁo formal","4"
"sug_tec_quente","tecido pra calor|tecido fresco|tecido leve|tecido respirĂĄvel|tecido pra verĂŁo","direta","Para calor: linho (fresco e respirĂĄvel), algodĂŁo leve (140g), viscose (cai bem e ventila), meia-malha penteada. Evite poliĂŠster puro no calor â abafa.","","6"
"sug_tec_frio","tecido pra frio|tecido quente|tecido grosso|tecido pra inverno","direta","Para frio: moletom flanelado (280g+), moletom peluciado, lĂŁ (peĂ§as sofisticadas), jeans pesado. SobreposiĂ§Ăľes funcionam melhor que uma Ăşnica peĂ§a grossa.","","6"
"sug_tec_diario","tecido resistente|tecido durĂĄvel|tecido pra usar muito|tecido prĂĄtico","direta","Para uso diĂĄrio: algodĂŁo (durĂĄvel, lavĂĄvel, nĂŁo amarrota tanto), malha mista (algodĂŁo + poliĂŠster â resistente e fĂĄcil de cuidar), jeans para parte de baixo.","","6"
"sug_tec_esporte","tecido esportivo|tecido pra suor|tecido pra academia|tecido dry|tecido elĂĄstico","direta","Para esporte: poliĂŠster dry fit (seca rĂĄpido, leve), suplex (elĂĄstico, ideal para legging), microfibra anti-odor. Tecidos com tecnologia performam melhor que algodĂŁo para suor.","","6"
"sug_tec_formal","tecido formal|tecido elegante|tecido sofisticado|tecido pra festa|tecido com brilho","direta","Para ocasiĂŁo formal: viscose, alfaiataria (lĂŁ com poliĂŠster), seda sob demanda (parceiros com bem-estar animal certificado), algodĂŁo pima penteado. Tecidos com caimento e brilho discreto.","","6"
"tec_cores_estoque","cor do tecido|cores do tecido em estoque|tecido nas 12 cores|tecido branco|tecido preto|cores de tecido","direta","Mantemos os tecidos bĂĄsicos (algodĂŁo bĂĄsico, malha mista, moletom) nas 12 cores de estoque permanente: branco, preto, cinza mescla, cinza chumbo, marinho, royal, vermelho, vinho, verde militar, verde bandeira, amarelo e rosa. Outros tecidos (linho, viscose, etc) tĂŞm paleta mais restrita.","","6"
"disponibilidade_materiais","disponibilidade|matĂŠria-prima disponĂ­vel|material em estoque|matĂŠria-prima|materia prima|tecido em estoque|tecido disponĂ­vel|material disponivel|tem material","direta","A disponibilidade de matĂŠria-prima ĂŠ controlada pelo setor de almoxarifado, atualizada diariamente. Para consulta em tempo real sobre um material especĂ­fico, vou te encaminhar.","","6"
"reposicao_estoque","reposiĂ§ĂŁo|reposicao|vai ter de novo|quando volta|quando repĂľe|tĂĄ esgotado|esgotou|sem estoque","direta","ReposiĂ§ĂŁo de matĂŠria-prima ĂŠ decisĂŁo do setor de compras, que considera demanda e prazo dos fornecedores. Em mĂŠdia, tecidos bĂĄsicos sĂŁo repostos a cada 30 dias. Para informaĂ§ĂŁo especĂ­fica de quando determinado material volta, vou te encaminhar ao almoxarifado.","","6"
"pronta_entrega","pronta entrega|prontas|peĂ§a pronta|peĂ§as prontas|tem em estoque pra entrega|envio imediato|imediato","direta","A Fashion Flow trabalha sob demanda â produzimos apĂłs o pedido confirmado. NĂŁo mantemos estoque de peĂ§as prontas (apenas de matĂŠria-prima nas 12 cores). Para envio imediato, o setor de vendas pode verificar se hĂĄ sobras de produĂ§ĂŁo recente.","","6"
"previsao_prazo","previsĂŁo|previsao|prazo|prazos|quando fica pronto|quando chega|quanto tempo|quantos dias|tempo de produĂ§ĂŁo","guiada","Sobre prazos da produĂ§ĂŁo, qual sua dĂşvida?","Escolha uma opĂ§ĂŁo: Prazo padrĂŁo|Com personalizaĂ§ĂŁo|Pedido urgente|Pedido grande (500+)|Atraso de pedido","4"
"prazo_padrao","prazo padrĂŁo|prazo comum|prazo normal|prazo mĂŠdio|tempo mĂŠdio de produĂ§ĂŁo","direta","Prazo padrĂŁo de produĂ§ĂŁo: 15 a 30 dias Ăşteis dependendo da complexidade e do volume. PeĂ§as bĂĄsicas sem personalizaĂ§ĂŁo ficam em 15 a 20 dias. PeĂ§as com modelagem especĂ­fica ou personalizaĂ§ĂŁo, 25 a 30 dias.","","6"
"prazo_com_personalizacao","prazo com personalizaĂ§ĂŁo|prazo silk|prazo bordado|prazo dtf|prazo de estampa|prazo com bordado","direta","Com personalizaĂ§ĂŁo, some ao prazo padrĂŁo: silkscreen +5 a 7 dias Ăşteis, DTF +2 a 4 dias, bordado +3 a 7 dias, modelagem exclusiva +20 a 30 dias Ăşteis antes da produĂ§ĂŁo comeĂ§ar.","","6"
"prazo_urgente","urgente|pedido urgente|prazo curto|pra ontem|rĂĄpido|preciso rĂĄpido|tem como adiantar|adiantar prazo|urgencia|tenho urgencia","direta","Atendemos pedidos urgentes mediante disponibilidade da produĂ§ĂŁo e taxa adicional de urgĂŞncia (20% a 40% sobre o valor). PossĂ­vel reduzir o prazo em atĂŠ 40% para volumes pequenos. Para volumes acima de 200 peĂ§as, urgĂŞncia ĂŠ avaliada caso a caso.","","6"
"prazo_grande_pedido","prazo pedido grande|prazo lote grande|prazo 500 peĂ§as|prazo 1000 peĂ§as|prazo atacado","direta","Pedidos acima de 500 peĂ§as tĂŞm planejamento em lotes. Prazo total geralmente fica de 35 a 50 dias Ăşteis, mas o cliente recebe em entregas parciais a cada lote concluĂ­do (a cada 100 a 200 peĂ§as prontas). O setor de vendas faz cronograma personalizado.","","6"
"prazo_atraso","atrasou|atrasado|atraso|passou do prazo|prazo estourado|nĂŁo chegou|nao chegou|cadĂŞ meu pedido|cade meu pedido","direta","Se o prazo estĂĄ em atraso, isso ĂŠ tratado pelo setor de logĂ­stica, que tem informaĂ§ĂŁo consolidada do andamento. Vou te encaminhar.","","6"
"etapas_pedido","etapa do pedido|em que etapa|status do pedido|andamento do pedido|fase do pedido","guiada","Sobre o pedido em andamento, o que vocĂŞ quer saber?","Escolha uma opĂ§ĂŁo: Em que etapa estĂĄ|Alterar pedido|Cancelar pedido|Acompanhamento detalhado","4"
"etapa_consulta","qual etapa do pedido|fase do meu pedido|onde estĂĄ meu pedido|status atual","direta","O setor de produĂ§ĂŁo nĂŁo fornece status em tempo real do pedido para o cliente final â isso ĂŠ feito pelo setor de logĂ­stica, que consolida toda a informaĂ§ĂŁo. Vou te encaminhar.","","6"
"alterar_pedido","alterar pedido|mudar pedido|modificar pedido|trocar pedido|mudar cor|mudar tamanho do pedido|mudar quantidade","direta","AlteraĂ§Ăľes no pedido sĂł sĂŁo possĂ­veis enquanto estĂĄ na fase de modelagem (primeiros 2 a 3 dias apĂłs aprovaĂ§ĂŁo). ApĂłs o corte, alteraĂ§Ăľes sĂŁo inviĂĄveis. Para verificar se ainda ĂŠ possĂ­vel, fale com vendas.","","6"
"cancelar_pedido","cancelar pedido|cancelamento|desistir do pedido|desisti|quero cancelar|cancela","direta","Cancelamento de pedido ĂŠ tratado pelo setor de vendas, que verifica em qual estĂĄgio o pedido estĂĄ e quais condiĂ§Ăľes contratuais se aplicam (pode haver retenĂ§ĂŁo se a produĂ§ĂŁo jĂĄ comeĂ§ou).","","6"
"acompanhamento","acompanhar pedido|acompanhamento|tracking|rastrear pedido|seguir pedido","direta","Acompanhamento detalhado da produĂ§ĂŁo ĂŠ fornecido pelo setor de logĂ­stica, que consolida etapas e prazos. Vou te encaminhar.","","6"
"atende_empresa","atendem empresa|atendimento b2b|atendem pessoa jurĂ­dica|atendem pj|cnpj|nota fiscal|venda pra empresa|fornecedor de empresa","direta","Sim, atendemos empresas (PJ) com pedido mĂ­nimo de 50 peĂ§as. Emitimos nota fiscal, oferecemos condiĂ§Ăľes de pagamento corporativo (faturamento) e cronograma de entregas. Para fechamento, vou te encaminhar ao setor de vendas.","","6"
"private_label","private label|white label|peĂ§a com minha marca|produzem pra outras marcas|marca branca|peĂ§a sem marca|sem etiqueta","direta","Sim, fazemos private label (produzimos para outras marcas usarem etiqueta prĂłpria). Inclui: produĂ§ĂŁo sem nossa etiqueta, etiqueta da sua marca, embalagem neutra ou com sua identidade. MĂ­nimo de 100 peĂ§as por modelo. O setor de vendas explica as condiĂ§Ăľes contratuais.","","6"
"revenda","revender|revendedor|revenda|comprar pra revender|atacadista|distribuidor|distribuir|sacoleira","direta","Trabalhamos com revendedores. CondiĂ§Ăľes: cadastro de CNPJ ativo, primeira compra mĂ­nima de 100 peĂ§as mistas, descontos progressivos a partir da segunda compra. Para fechamento de parceria, vou te encaminhar ao setor de vendas.","","6"
"uniforme_escolar","uniforme escolar|uniforme de escola|farda escolar|camiseta escolar|conjunto escolar","direta","Fazemos uniforme escolar com personalizaĂ§ĂŁo (logo da escola, nome do aluno). Atendemos escolas com pedido mĂ­nimo de 100 peĂ§as por modelo. O contrato pode prever entregas escalonadas durante o ano. Setor de vendas faz o orĂ§amento.","","6"
"atendente_humano","atendente|humano|pessoa real|quero falar com gente|falar com humano|tem alguĂŠm aĂ­|sĂł robĂ´|so robo|me transfere|falar com alguĂŠm|atendimento humano|gente real|com uma pessoa|pra uma pessoa|falar com uma pessoa|pessoa de verdade","direta","Sem problema! Vou te transferir para um atendente humano do setor de produĂ§ĂŁo. Atendimento humano: segunda a sexta, 8h Ă s 18h. Fora desse horĂĄrio, deixe sua dĂşvida que respondemos no prĂłximo dia Ăştil.","","3"
"sobre_o_bot","vocĂŞ ĂŠ ia|voce e ia|ĂŠ robĂ´|e robo|vocĂŞ ĂŠ humano|qual seu nome|vocĂŞ usa chatgpt|vocĂŞ ĂŠ gpt|inteligĂŞncia artificial|quem ĂŠ vocĂŞ|robĂ´ da empresa","direta","Sou o assistente virtual do setor de produĂ§ĂŁo da Fashion Flow. Fui criado para responder dĂşvidas sobre nosso processo, tecidos, personalizaĂ§ĂŁo e prazos. Se preferir falar com um atendente humano, ĂŠ sĂł pedir!","","3"
"horario_atendimento","horĂĄrio de atendimento|horario de atendimento|horĂĄrio|horario|funcionam que horas|atendem que horas|hora de funcionamento|fim de semana|sĂĄbado|sabado|domingo|feriado|que horas","direta","O bot da produĂ§ĂŁo atende 24/7. O atendimento humano funciona de segunda a sexta, das 8h Ă s 18h. NĂŁo atendemos no fim de semana nem em feriados nacionais. Pedidos urgentes do fim de semana entram na fila do prĂłximo dia Ăştil.","","3"
"fallback","","fallback","Hmm, nĂŁo consegui entender bem. Posso te ajudar com: produĂ§ĂŁo, tecidos, personalizaĂ§ĂŁo, qualidade, sustentabilidade, cuidados, prazos e catĂĄlogo. Sobre qual desses vocĂŞ quer saber? Se for outro assunto (preĂ§o, entrega, devoluĂ§ĂŁo), me avisa que encaminho para o setor certo.","","1"
"setor_almoxarifado","almoxarifado|estoque|estocagem|matĂŠria-prima em estoque|controle de estoque","encaminhamento","Para consulta de estoque e disponibilidade de matĂŠria-prima, vou te encaminhar ao chatbot do almoxarifado: (inserir link).","","9"
"setor_vendas","comprar|compras|vender|venda|preĂ§o|preco|valor|valores|custa|quanto custa|tabela de preĂ§os|pagamento|pagar|pix|cartĂŁo|boleto|parcelar|Ă  vista|desconto|promoĂ§ĂŁo|tĂĄ caro|orĂ§amento|orcamento|fechar pedido|quanto sai|quanto cobram|quanto voces cobram","encaminhamento","Para informaĂ§Ăľes sobre valores, formas de pagamento, descontos e fechamento de pedido, vou te encaminhar ao chatbot de vendas: (inserir link).","","9"
"setor_compras","fornecedor|fornecedores|setor de compras|ĂĄrea de compras|aquisiĂ§ĂŁo|comprar material|comprar tecido","encaminhamento","Para assuntos relacionados a fornecedores e aquisiĂ§ĂŁo de matĂŠria-prima, vou te encaminhar ao chatbot de compras: (inserir link).","","9"
"setor_logistica","encomenda|entrega|entregam|envio|enviado|frete|transportadora|prazo de entrega|regiĂŁo de entrega|exterior|exportaĂ§ĂŁo|rastreamento|rastrear|cep|onde estĂĄ meu pedido|correios|sedex","encaminhamento","Para informaĂ§Ăľes sobre entrega, frete, rastreamento e prazos de envio, vou te encaminhar ao chatbot de logĂ­stica: (inserir link).","","9"
"setor_devolucao","devoluĂ§ĂŁo|devolucao|devolver|troca|trocar|tamanho errado|garantia|veio com defeito|problema com a peĂ§a|reclamar|trocar peĂ§a|devolvo|dinheiro de volta|reembolso","encaminhamento","Para solicitaĂ§Ăľes de troca, devoluĂ§ĂŁo ou problemas com a peĂ§a recebida, vou te encaminhar ao chatbot de devoluĂ§Ăľes: (inserir link).","","9"
"elogios1","muito bom|perfeito|perfeita|parabĂŠns|sensacional|mandou bem|ficou bom|ficou Ăłtimo|que lindo|que massa|gostei muito|nota 10|top|show de bola|show|impressionada|impressionado|Ăłtimo|surpreendente|excelente","direta","Aaah, muito obrigada pelo elogio! Fico feliz em ajudar. Qualquer outra dĂşvida, ĂŠ sĂł chamar.","","3"
"elogios2","amei|adorei|nem amo|arrasou|que tudo|belĂ­ssimo|divou|diva muito|divonico|arrasa|pisa muito|cunt|achei cunt|amo|achei tudo|maravilhoso|sou fĂŁ","direta","Aaai amei demais, divou! Tamo junto, qualquer coisa ĂŠ sĂł chamar đ","","3"
"ofensas","porra|desgraĂ§a|caralho|fdp|filha da puta|idiota|burro|inĂştil|ridĂ­culo|incompetente|horrĂ­vel|bosta|merda|vagabundo|imbecil|otĂĄrio|cuzĂŁo|arrombado|maldito|miserĂĄvel|vsf|vai se foder|seu lixo|peste|safado|canalha|lixo|vai tomar no cu|vtnc|babaca|palhaĂ§o|retardado|droga|esse bot ĂŠ uma droga|esse bot ĂŠ horrĂ­vel","direta","Entendo que possa estar frustrado e peĂ§o desculpas se algo te incomodou. Vou continuar tentando te ajudar â me conta o que estĂĄ acontecendo. Se preferir, posso te encaminhar para um atendente humano.","","3"
"combinado_prazo_qtd_produto","prazo de 100 camisetas|prazo de 50 polos|prazo de 200 moletons|quanto tempo 100 peĂ§as|quando fica pronto 500 peĂ§as|prazo pra 1000 uniformes|prazo para 100 vestidos|prazo de bermudas|prazo de jeans|prazo de calĂ§a|prazo de jaqueta","combinada","Consultar tabela lookup_prazo com slots {produto, quantidade, personalizacao}. Resposta dinĂ˘mica.","Me confirma: qual o produto, quantas peĂ§as e se tem personalizaĂ§ĂŁo (silk, DTF, bordado ou nenhuma)?","9"
"combinado_prazo_personalizacao_produto","prazo camiseta bordada|prazo polo bordada|prazo camiseta com silk|prazo moletom com estampa|prazo uniforme com logo|prazo de bordado em jeans|tempo de uniforme bordado|prazo polo com logo","combinada","Consultar tabela lookup_prazo. Resposta dinĂ˘mica com base em {produto, personalizacao, quantidade}.","Me confirma: qual o produto, quantas peĂ§as e qual a tĂŠcnica de personalizaĂ§ĂŁo?","9"
"combinado_preco_qtd_produto","preĂ§o de 100 camisetas|preĂ§o de 50 polos|valor de 200 moletons|quanto custa 100 polos|orĂ§amento 500 camisetas|valor unitĂĄrio 100 peĂ§as|preĂ§o camiseta atacado|preĂ§o polo atacado","combinada","Consultar tabela lookup_preco com slots {produto, quantidade, personalizacao}. Valor indicativo, fechar com vendas.","Me confirma: produto, quantidade e personalizaĂ§ĂŁo (se tiver). Posso te dar uma faixa indicativa e te encaminhar pra vendas pra fechar o valor.","9"
"combinado_preco_personalizacao","quanto custa personalizaĂ§ĂŁo|quanto fica com bordado|quanto fica com silk|quanto fica com estampa|preĂ§o com personalizaĂ§ĂŁo|preĂ§o com bordado|preĂ§o com logo","combinada","Consultar lookup_preco. PersonalizaĂ§ĂŁo adiciona 10% a 40% sobre o valor base, dependendo da tĂŠcnica.","Pra te dar a faixa: qual produto, quantidade e qual a tĂŠcnica de personalizaĂ§ĂŁo?","9"
"combinado_desconto_volume","desconto por volume|desconto pra atacado|desconto progressivo|quanto desconto pra 500|quanto desconto pra 1000|desconto grande quantidade|desconto pra empresa","direta","Trabalhamos com desconto progressivo por volume: 31-100 peĂ§as â 5%; 101-300 â 10%; 301-500 â 15%; 501-1000 â 20%; acima de 1000 â 25% (negociĂĄvel com vendas). Descontos aplicados sobre o valor unitĂĄrio base.","","6"
"combinado_tecido_em_produto","algodĂŁo em camiseta|jeans em camiseta|viscose em camiseta|linho em vestido|moletom em jaqueta|alfaiataria em calĂ§a|dry fit em camiseta|suplex em legging|fazem camiseta em linho|fazem polo em pima|polo em algodĂŁo pima","combinada","Consultar lookup_compat_tecido_produto com slots {tecido, produto}. Retorna compatĂ­vel ou alternativa recomendada.","Me confirma: qual produto e qual tecido vocĂŞ quer combinar?","9"
"combinado_tecidos_disponiveis_para_produto","quais tecidos pra camiseta|quais tecidos pra polo|quais tecidos pra vestido|quais tecidos pra calĂ§a|quais tecidos pra moletom|quais tecidos pra uniforme|tecidos disponĂ­veis pra","combinada","Depende do produto! Me diz qual (camiseta, moletom, calĂ§a, vestido...) que eu listo os tecidos que combinam.","Qual produto vocĂŞ quer saber os tecidos disponĂ­veis?","9"
"combinado_personalizacao_em_tecido","bordado em jeans|bordado em viscose|bordado em algodĂŁo|silk em algodĂŁo|silk em viscose|silk em moletom|silk em jeans|dtf em poliĂŠster|dtf em algodĂŁo|bordado em dry fit|estampa em viscose|bordado em lĂŁ|personalizar em viscose","combinada","Consultar lookup_compat_tecido_personalizacao com slots {tecido, personalizacao}. Retorna recomendaĂ§ĂŁo tĂŠcnica.","Me diga o tecido e a tĂŠcnica de personalizaĂ§ĂŁo que vocĂŞ quer combinar.","9"
"combinado_cor_em_tecido","camiseta verde militar em algodĂŁo|moletom vermelho|viscose rosa|linho branco|jeans azul|tem camiseta amarela|tem polo branca|tem vestido preto|cor em estoque|cor pronta entrega|tem em estoque cor","combinada","Consultar lookup_cor_tecido com slots {cor, tecido}. Retorna se estĂĄ em estoque permanente ou se ĂŠ tingimento sob demanda.","Me confirma: qual cor e qual tecido (ou tipo de peĂ§a)?","9"
"combinado_cores_disponiveis_para_tecido","cores em algodĂŁo|cores em moletom|cores em viscose|cores em jeans|cores em linho|cores disponĂ­veis em|quais cores tem em","combinada","Consultar lookup_cor_tecido e listar todas as cores em estoque permanente pro tecido consultado.","Qual tecido vocĂŞ quer saber as cores disponĂ­veis?","9"
"combinado_tamanho_em_produto","tem camiseta plus|tem moletom plus|polo plus size|vestido plus size|legging plus|tem camiseta infantil|polo infantil|legging infantil|tamanho infantil de moletom|infantil tem em camiseta|polo no tamanho gg|camiseta xgg|vestido em g4","combinada","Consultar lookup_tamanho_produto com slots {produto, grade}. Confirma disponibilidade da grade no produto.","Me diga qual produto e qual grade (adulto PP-XGG / plus G1-G4 / infantil 2-14 anos)?","9"
"combinado_gramatura_produto_uso","qual gramatura pra camiseta|qual peso de tecido|tecido grosso pra inverno|tecido leve pra verĂŁo|camiseta pra verĂŁo|moletom pra inverno|gramatura ideal pra polo|tecido encorpado|gramatura corporativa","combinada","Consultar lookup_gramatura com slots {produto, uso}. Retorna faixa de gramatura recomendada em g/mÂ˛.","Me confirma: qual produto e pra qual uso (verĂŁo, inverno, corporativo, esporte)?","9"
"combinado_b2b_uniforme_completo","uniforme empresa preĂ§o|uniforme empresa prazo|uniforme com logo prazo|uniforme escolar prazo|uniforme escolar preĂ§o|uniforme corporativo orĂ§amento|orĂ§amento uniforme","combinada","Uniforme corporativo: mĂ­nimo 50 peĂ§as, personalizaĂ§ĂŁo inclusa (logo bordado ou silk). Prazo 25 a 35 dias Ăşteis com personalizaĂ§ĂŁo. Valor depende do tipo (polo, jaleco, avental) e da tĂŠcnica. Vou te encaminhar ao setor de vendas pra orĂ§amento personalizado.","Me confirma: quantas peĂ§as, tipo de uniforme (polo, jaleco, avental), e tĂŠcnica de personalizaĂ§ĂŁo (silk ou bordado)?","9"
"combinado_pedido_completo","orĂ§amento completo|orĂ§amento total|fechar pedido|monta orĂ§amento|simulaĂ§ĂŁo de pedido|fazer cotaĂ§ĂŁo","combinada","Pra simular um pedido, preciso de: produto, quantidade, personalizaĂ§ĂŁo (se tiver), cor, tamanho. Posso dar prazo e faixa indicativa de valor, mas o fechamento ĂŠ com o setor de vendas.","Me passa: produto + quantidade + personalizaĂ§ĂŁo + cor + tamanho.","9"
"status_pedido","status do pedido|andamento do pedido|meu pedido|meu lote|saiu do corte|foi para a costura|estĂĄ no corte|estĂĄ na costura|etapa do meu pedido|fase do meu pedido|previsĂŁo de tĂŠrmino|quando termina meu pedido|quando fica pronto meu pedido|acompanhar meu pedido|FF-20","combinada","Consultar lookup_pedidos com slot {numero_pedido}. Se nĂŁo informado, solicitar o nĂşmero do pedido. Retornar etapa atual, data prevista e se pode alterar.","Pode me informar o nĂşmero do pedido? Ex: FF-2025-0389","9"
"alterar_pedido_especifico","alterar tamanho|mudar tamanho|trocar tamanho|alterar cor|mudar cor do pedido|ainda dĂĄ tempo de alterar|posso alterar|posso mudar|antes do corte|antes de cortar|dĂĄ tempo","combinada","Consultar lookup_pedidos com slot {numero_pedido}. Verificar campo pode_alterar. Se sim, informar que ainda ĂŠ possĂ­vel e orientar a contatar vendas. Se nĂŁo, informar etapa atual e que alteraĂ§Ăľes sĂŁo inviĂĄveis.","Pode me informar o nĂşmero do pedido para verificar se ainda estĂĄ na fase de modelagem?","9"
"viabilidade_producao","capacidade tĂŠcnica|capacidade de produĂ§ĂŁo|consegue produzir|dĂĄ para produzir|tem capacidade|matĂŠria-prima disponĂ­vel|tem material|tem tecido disponĂ­vel|tem algodĂŁo|tem dry fit|tem malha|produz em|produzir em|em 5 dias|em 3 dias|em uma semana|em quanto tempo consegue|prazo curto","combinada","Consultar lookup_capacidade_produtiva + lookup_estoque_materiais com slots {quantidade, produto, tecido, prazo_desejado}. Verificar ocupaĂ§ĂŁo dos setores e disponibilidade do tecido. Retornar viabilidade com justificativa.","Para verificar a viabilidade, preciso saber: produto, quantidade, tecido e prazo desejado.","9"
"consumo_tecido","quantos metros|quantas metros|metro de tecido|metros de tecido|quanto de tecido|tecido suficiente|2 metros|5 metros|tenho metros|usando apenas|com apenas|dĂĄ para fazer|dĂĄ para produzir com|metros bastam|metros sĂŁo suficientes","combinada","Consultar lookup_consumo_tecido com slots {produto, quantidade, metragem}. Calcular se a metragem informada ĂŠ suficiente para a quantidade de peĂ§as. Retornar quantos metros sĂŁo necessĂĄrios e se a metragem informada cobre.","Para calcular, preciso saber: produto, quantidade de peĂ§as e a metragem de tecido disponĂ­vel.","9"
"registrar_pedido","registrar pedido|registrar um pedido|fazer um pedido|fazer pedido|criar pedido|cadastrar pedido|abrir pedido|novo pedido|quero fazer um pedido|quero registrar|quero encomendar","crud","(Fluxo de conversa â CREATE) Coleta produto, quantidade, cor, tamanho, tecido e personalizaĂ§ĂŁo e grava no pedidos.csv gerando o ID. A lĂłgica fica em bot/pedidos/criar.py; a coleta no responder.","Vamos registrar seu pedido! Qual produto vocĂŞ quer produzir?","9"
