"produto","qtd_min","qtd_max","personalizacao","prazo_min_dias","prazo_max_dias","observacao"
"camiseta_basica","1","30","nenhuma","15","18","camiseta basica - volume pequena - nenhuma"
"camiseta_basica","30","30","silkscreen","20","25","camiseta basica - volume pequena - silkscreen"
"camiseta_basica","5","30","dtf","17","22","camiseta basica - volume pequena - dtf"
"camiseta_basica","10","30","bordado","18","25","camiseta basica - volume pequena - bordado"
"camiseta_basica","31","100","nenhuma","18","22","camiseta basica - volume media - nenhuma"
"camiseta_basica","31","100","silkscreen","23","29","camiseta basica - volume media - silkscreen"
"camiseta_basica","31","100","dtf","20","26","camiseta basica - volume media - dtf"
"camiseta_basica","31","100","bordado","21","29","camiseta basica - volume media - bordado"
"camiseta_basica","50","100","etiqueta","20","26","camiseta basica - volume media - etiqueta"
"camiseta_basica","100","100","modelagem_exclusiva","38","52","camiseta basica - volume media - modelagem_exclusiva"
"camiseta_basica","101","300","nenhuma","20","25","camiseta basica - volume media alta - nenhuma"
"camiseta_basica","101","300","silkscreen","25","32","camiseta basica - volume media alta - silkscreen"
"camiseta_basica","101","300","dtf","22","29","camiseta basica - volume media alta - dtf"
"camiseta_basica","101","300","bordado","23","32","camiseta basica - volume media alta - bordado"
"camiseta_basica","101","300","etiqueta","22","29","camiseta basica - volume media alta - etiqueta"
"camiseta_basica","101","300","modelagem_exclusiva","40","55","camiseta basica - volume media alta - modelagem_exclusiva"
"camiseta_basica","301","500","nenhuma","22","30","camiseta basica - volume alta - nenhuma"
"camiseta_basica","301","500","silkscreen","27","37","camiseta basica - volume alta - silkscreen"
"camiseta_basica","301","500","dtf","24","34","camiseta basica - volume alta - dtf"
"camiseta_basica","301","500","bordado","25","37","camiseta basica - volume alta - bordado"
"camiseta_basica","301","500","etiqueta","24","34","camiseta basica - volume alta - etiqueta"
"camiseta_basica","301","500","modelagem_exclusiva","42","60","camiseta basica - volume alta - modelagem_exclusiva"
"camiseta_basica","501","1000","nenhuma","35","45","camiseta basica - volume grande - nenhuma"
"camiseta_basica","501","1000","silkscreen","40","52","camiseta basica - volume grande - silkscreen"
"camiseta_basica","501","1000","dtf","37","49","camiseta basica - volume grande - dtf"
"camiseta_basica","501","1000","bordado","38","52","camiseta basica - volume grande - bordado"
"camiseta_basica","501","1000","etiqueta","37","49","camiseta basica - volume grande - etiqueta"
"camiseta_basica","501","1000","modelagem_exclusiva","55","75","camiseta basica - volume grande - modelagem_exclusiva"
"camiseta_basica","1001","5000","nenhuma","45","60","camiseta basica - volume muito grande - nenhuma"
"camiseta_basica","1001","5000","silkscreen","50","67","camiseta basica - volume muito grande - silkscreen"
"camiseta_basica","1001","5000","dtf","47","64","camiseta basica - volume muito grande - dtf"
"camiseta_basica","1001","5000","bordado","48","67","camiseta basica - volume muito grande - bordado"
"camiseta_basica","1001","5000","etiqueta","47","64","camiseta basica - volume muito grande - etiqueta"
"camiseta_basica","1001","5000","modelagem_exclusiva","65","90","camiseta basica - volume muito grande - modelagem_exclusiva"
"camiseta_premium","1","30","nenhuma","16","20","camiseta premium - volume pequena - nenhuma"
"camiseta_premium","30","30","silkscreen","22","28","camiseta premium - volume pequena - silkscreen"
"camiseta_premium","5","30","dtf","19","24","camiseta premium - volume pequena - dtf"
"camiseta_premium","10","30","bordado","20","28","camiseta premium - volume pequena - bordado"
"camiseta_premium","31","100","nenhuma","20","24","camiseta premium - volume media - nenhuma"
"camiseta_premium","31","100","silkscreen","25","32","camiseta premium - volume media - silkscreen"
"camiseta_premium","31","100","dtf","22","29","camiseta premium - volume media - dtf"
"camiseta_premium","31","100","bordado","23","32","camiseta premium - volume media - bordado"
"camiseta_premium","50","100","etiqueta","22","29","camiseta premium - volume media - etiqueta"
"camiseta_premium","100","100","modelagem_exclusiva","42","57","camiseta premium - volume media - modelagem_exclusiva"
"camiseta_premium","101","300","nenhuma","22","28","camiseta premium - volume media alta - nenhuma"
"camiseta_premium","101","300","silkscreen","28","35","camiseta premium - volume media alta - silkscreen"
"camiseta_premium","101","300","dtf","24","32","camiseta premium - volume media alta - dtf"
"camiseta_premium","101","300","bordado","25","35","camiseta premium - volume media alta - bordado"
"camiseta_premium","101","300","etiqueta","24","32","camiseta premium - volume media alta - etiqueta"
"camiseta_premium","101","300","modelagem_exclusiva","44","61","camiseta premium - volume media alta - modelagem_exclusiva"
"camiseta_premium","301","500","nenhuma","24","33","camiseta premium - volume alta - nenhuma"
"camiseta_premium","301","500","silkscreen","30","41","camiseta premium - volume alta - silkscreen"
"camiseta_premium","301","500","dtf","26","37","camiseta premium - volume alta - dtf"
"camiseta_premium","301","500","bordado","28","41","camiseta premium - volume alta - bordado"
"camiseta_premium","301","500","etiqueta","26","37","camiseta premium - volume alta - etiqueta"
"camiseta_premium","301","500","modelagem_exclusiva","46","66","camiseta premium - volume alta - modelagem_exclusiva"
"camiseta_premium","501","1000","nenhuma","38","50","camiseta premium - volume grande - nenhuma"
"camiseta_premium","501","1000","silkscreen","44","57","camiseta premium - volume grande - silkscreen"
"camiseta_premium","501","1000","dtf","41","54","camiseta premium - volume grande - dtf"
"camiseta_premium","501","1000","bordado","42","57","camiseta premium - volume grande - bordado"
"camiseta_premium","501","1000","etiqueta","41","54","camiseta premium - volume grande - etiqueta"
"camiseta_premium","501","1000","modelagem_exclusiva","61","82","camiseta premium - volume grande - modelagem_exclusiva"
"camiseta_premium","1001","5000","nenhuma","50","66","camiseta premium - volume muito grande - nenhuma"
"camiseta_premium","1001","5000","silkscreen","55","74","camiseta premium - volume muito grande - silkscreen"
"camiseta_premium","1001","5000","dtf","52","70","camiseta premium - volume muito grande - dtf"
"camiseta_premium","1001","5000","bordado","53","74","camiseta premium - volume muito grande - bordado"
"camiseta_premium","1001","5000","etiqueta","52","70","camiseta premium - volume muito grande - etiqueta"
"camiseta_premium","1001","5000","modelagem_exclusiva","72","99","camiseta premium - volume muito grande - modelagem_exclusiva"
"regata","1","30","nenhuma","15","18","regata - volume pequena - nenhuma"
"regata","30","30","silkscreen","20","25","regata - volume pequena - silkscreen"
"regata","5","30","dtf","17","22","regata - volume pequena - dtf"
"regata","10","30","bordado","18","25","regata - volume pequena - bordado"
"regata","31","100","nenhuma","18","22","regata - volume media - nenhuma"
"regata","31","100","silkscreen","23","29","regata - volume media - silkscreen"
"regata","31","100","dtf","20","26","regata - volume media - dtf"
"regata","31","100","bordado","21","29","regata - volume media - bordado"
"regata","50","100","etiqueta","20","26","regata - volume media - etiqueta"
"regata","100","100","modelagem_exclusiva","38","52","regata - volume media - modelagem_exclusiva"
"regata","101","300","nenhuma","20","25","regata - volume media alta - nenhuma"
"regata","101","300","silkscreen","25","32","regata - volume media alta - silkscreen"
"regata","101","300","dtf","22","29","regata - volume media alta - dtf"
"regata","101","300","bordado","23","32","regata - volume media alta - bordado"
"regata","101","300","etiqueta","22","29","regata - volume media alta - etiqueta"
"regata","101","300","modelagem_exclusiva","40","55","regata - volume media alta - modelagem_exclusiva"
"regata","301","500","nenhuma","22","30","regata - volume alta - nenhuma"
"regata","301","500","silkscreen","27","37","regata - volume alta - silkscreen"
"regata","301","500","dtf","24","34","regata - volume alta - dtf"
"regata","301","500","bordado","25","37","regata - volume alta - bordado"
"regata","301","500","etiqueta","24","34","regata - volume alta - etiqueta"
"regata","301","500","modelagem_exclusiva","42","60","regata - volume alta - modelagem_exclusiva"
"regata","501","1000","nenhuma","35","45","regata - volume grande - nenhuma"
"regata","501","1000","silkscreen","40","52","regata - volume grande - silkscreen"
"regata","501","1000","dtf","37","49","regata - volume grande - dtf"
"regata","501","1000","bordado","38","52","regata - volume grande - bordado"
"regata","501","1000","etiqueta","37","49","regata - volume grande - etiqueta"
"regata","501","1000","modelagem_exclusiva","55","75","regata - volume grande - modelagem_exclusiva"
"regata","1001","5000","nenhuma","45","60","regata - volume muito grande - nenhuma"
"regata","1001","5000","silkscreen","50","67","regata - volume muito grande - silkscreen"
"regata","1001","5000","dtf","47","64","regata - volume muito grande - dtf"
"regata","1001","5000","bordado","48","67","regata - volume muito grande - bordado"
"regata","1001","5000","etiqueta","47","64","regata - volume muito grande - etiqueta"
"regata","1001","5000","modelagem_exclusiva","65","90","regata - volume muito grande - modelagem_exclusiva"
"baby_look","1","30","nenhuma","15","18","baby look - volume pequena - nenhuma"
"baby_look","30","30","silkscreen","20","25","baby look - volume pequena - silkscreen"
"baby_look","5","30","dtf","17","22","baby look - volume pequena - dtf"
"baby_look","10","30","bordado","18","25","baby look - volume pequena - bordado"
"baby_look","31","100","nenhuma","18","22","baby look - volume media - nenhuma"
"baby_look","31","100","silkscreen","23","29","baby look - volume media - silkscreen"
"baby_look","31","100","dtf","20","26","baby look - volume media - dtf"
"baby_look","31","100","bordado","21","29","baby look - volume media - bordado"
"baby_look","50","100","etiqueta","20","26","baby look - volume media - etiqueta"
"baby_look","100","100","modelagem_exclusiva","38","52","baby look - volume media - modelagem_exclusiva"
"baby_look","101","300","nenhuma","20","25","baby look - volume media alta - nenhuma"
"baby_look","101","300","silkscreen","25","32","baby look - volume media alta - silkscreen"
"baby_look","101","300","dtf","22","29","baby look - volume media alta - dtf"
"baby_look","101","300","bordado","23","32","baby look - volume media alta - bordado"
"baby_look","101","300","etiqueta","22","29","baby look - volume media alta - etiqueta"
"baby_look","101","300","modelagem_exclusiva","40","55","baby look - volume media alta - modelagem_exclusiva"
"baby_look","301","500","nenhuma","22","30","baby look - volume alta - nenhuma"
"baby_look","301","500","silkscreen","27","37","baby look - volume alta - silkscreen"
"baby_look","301","500","dtf","24","34","baby look - volume alta - dtf"
"baby_look","301","500","bordado","25","37","baby look - volume alta - bordado"
"baby_look","301","500","etiqueta","24","34","baby look - volume alta - etiqueta"
"baby_look","301","500","modelagem_exclusiva","42","60","baby look - volume alta - modelagem_exclusiva"
"baby_look","501","1000","nenhuma","35","45","baby look - volume grande - nenhuma"
"baby_look","501","1000","silkscreen","40","52","baby look - volume grande - silkscreen"
"baby_look","501","1000","dtf","37","49","baby look - volume grande - dtf"
"baby_look","501","1000","bordado","38","52","baby look - volume grande - bordado"
"baby_look","501","1000","etiqueta","37","49","baby look - volume grande - etiqueta"
"baby_look","501","1000","modelagem_exclusiva","55","75","baby look - volume grande - modelagem_exclusiva"
"baby_look","1001","5000","nenhuma","45","60","baby look - volume muito grande - nenhuma"
"baby_look","1001","5000","silkscreen","50","67","baby look - volume muito grande - silkscreen"
"baby_look","1001","5000","dtf","47","64","baby look - volume muito grande - dtf"
"baby_look","1001","5000","bordado","48","67","baby look - volume muito grande - bordado"
"baby_look","1001","5000","etiqueta","47","64","baby look - volume muito grande - etiqueta"
"baby_look","1001","5000","modelagem_exclusiva","65","90","baby look - volume muito grande - modelagem_exclusiva"
"polo","1","30","nenhuma","18","22","polo - volume pequena - nenhuma"
"polo","30","30","silkscreen","24","30","polo - volume pequena - silkscreen"
"polo","5","30","dtf","20","26","polo - volume pequena - dtf"
"polo","10","30","bordado","22","30","polo - volume pequena - bordado"
"polo","31","100","nenhuma","22","26","polo - volume media - nenhuma"
"polo","31","100","silkscreen","28","35","polo - volume media - silkscreen"
"polo","31","100","dtf","24","31","polo - volume media - dtf"
"polo","31","100","bordado","25","35","polo - volume media - bordado"
"polo","50","100","etiqueta","24","31","polo - volume media - etiqueta"
"polo","100","100","modelagem_exclusiva","46","62","polo - volume media - modelagem_exclusiva"
"polo","101","300","nenhuma","24","30","polo - volume media alta - nenhuma"
"polo","101","300","silkscreen","30","38","polo - volume media alta - silkscreen"
"polo","101","300","dtf","26","35","polo - volume media alta - dtf"
"polo","101","300","bordado","28","38","polo - volume media alta - bordado"
"polo","101","300","etiqueta","26","35","polo - volume media alta - etiqueta"
"polo","101","300","modelagem_exclusiva","48","66","polo - volume media alta - modelagem_exclusiva"
"polo","301","500","nenhuma","26","36","polo - volume alta - nenhuma"
"polo","301","500","silkscreen","32","44","polo - volume alta - silkscreen"
"polo","301","500","dtf","29","41","polo - volume alta - dtf"
"polo","301","500","bordado","30","44","polo - volume alta - bordado"
"polo","301","500","etiqueta","29","41","polo - volume alta - etiqueta"
"polo","301","500","modelagem_exclusiva","50","72","polo - volume alta - modelagem_exclusiva"
"polo","501","1000","nenhuma","42","54","polo - volume grande - nenhuma"
"polo","501","1000","silkscreen","48","62","polo - volume grande - silkscreen"
"polo","501","1000","dtf","44","59","polo - volume grande - dtf"
"polo","501","1000","bordado","46","62","polo - volume grande - bordado"
"polo","501","1000","etiqueta","44","59","polo - volume grande - etiqueta"
"polo","501","1000","modelagem_exclusiva","66","90","polo - volume grande - modelagem_exclusiva"
"polo","1001","5000","nenhuma","54","72","polo - volume muito grande - nenhuma"
"polo","1001","5000","silkscreen","60","80","polo - volume muito grande - silkscreen"
"polo","1001","5000","dtf","56","77","polo - volume muito grande - dtf"
"polo","1001","5000","bordado","58","80","polo - volume muito grande - bordado"
"polo","1001","5000","etiqueta","56","77","polo - volume muito grande - etiqueta"
"polo","1001","5000","modelagem_exclusiva","78","108","polo - volume muito grande - modelagem_exclusiva"
"oversized","1","30","nenhuma","16","20","oversized - volume pequena - nenhuma"
"oversized","30","30","silkscreen","22","28","oversized - volume pequena - silkscreen"
"oversized","5","30","dtf","19","24","oversized - volume pequena - dtf"
"oversized","10","30","bordado","20","28","oversized - volume pequena - bordado"
"oversized","31","100","nenhuma","20","24","oversized - volume media - nenhuma"
"oversized","31","100","silkscreen","25","32","oversized - volume media - silkscreen"
"oversized","31","100","dtf","22","29","oversized - volume media - dtf"
"oversized","31","100","bordado","23","32","oversized - volume media - bordado"
"oversized","50","100","etiqueta","22","29","oversized - volume media - etiqueta"
"oversized","100","100","modelagem_exclusiva","42","57","oversized - volume media - modelagem_exclusiva"
"oversized","101","300","nenhuma","22","28","oversized - volume media alta - nenhuma"
"oversized","101","300","silkscreen","28","35","oversized - volume media alta - silkscreen"
"oversized","101","300","dtf","24","32","oversized - volume media alta - dtf"
"oversized","101","300","bordado","25","35","oversized - volume media alta - bordado"
"oversized","101","300","etiqueta","24","32","oversized - volume media alta - etiqueta"
"oversized","101","300","modelagem_exclusiva","44","61","oversized - volume media alta - modelagem_exclusiva"
"oversized","301","500","nenhuma","24","33","oversized - volume alta - nenhuma"
"oversized","301","500","silkscreen","30","41","oversized - volume alta - silkscreen"
"oversized","301","500","dtf","26","37","oversized - volume alta - dtf"
"oversized","301","500","bordado","28","41","oversized - volume alta - bordado"
"oversized","301","500","etiqueta","26","37","oversized - volume alta - etiqueta"
"oversized","301","500","modelagem_exclusiva","46","66","oversized - volume alta - modelagem_exclusiva"
"oversized","501","1000","nenhuma","38","50","oversized - volume grande - nenhuma"
"oversized","501","1000","silkscreen","44","57","oversized - volume grande - silkscreen"
"oversized","501","1000","dtf","41","54","oversized - volume grande - dtf"
"oversized","501","1000","bordado","42","57","oversized - volume grande - bordado"
"oversized","501","1000","etiqueta","41","54","oversized - volume grande - etiqueta"
"oversized","501","1000","modelagem_exclusiva","61","82","oversized - volume grande - modelagem_exclusiva"
"oversized","1001","5000","nenhuma","50","66","oversized - volume muito grande - nenhuma"
"oversized","1001","5000","silkscreen","55","74","oversized - volume muito grande - silkscreen"
"oversized","1001","5000","dtf","52","70","oversized - volume muito grande - dtf"
"oversized","1001","5000","bordado","53","74","oversized - volume muito grande - bordado"
"oversized","1001","5000","etiqueta","52","70","oversized - volume muito grande - etiqueta"
"oversized","1001","5000","modelagem_exclusiva","72","99","oversized - volume muito grande - modelagem_exclusiva"
"moletom","1","30","nenhuma","20","23","moletom - volume pequena - nenhuma"
"moletom","30","30","silkscreen","26","32","moletom - volume pequena - silkscreen"
"moletom","5","30","dtf","22","29","moletom - volume pequena - dtf"
"moletom","10","30","bordado","23","32","moletom - volume pequena - bordado"
"moletom","31","100","nenhuma","23","29","moletom - volume media - nenhuma"
"moletom","31","100","silkscreen","30","38","moletom - volume media - silkscreen"
"moletom","31","100","dtf","26","34","moletom - volume media - dtf"
"moletom","31","100","bordado","27","38","moletom - volume media - bordado"
"moletom","50","100","etiqueta","26","34","moletom - volume media - etiqueta"
"moletom","100","100","modelagem_exclusiva","49","68","moletom - volume media - modelagem_exclusiva"
"moletom","101","300","nenhuma","26","32","moletom - volume media alta - nenhuma"
"moletom","101","300","silkscreen","32","42","moletom - volume media alta - silkscreen"
"moletom","101","300","dtf","29","38","moletom - volume media alta - dtf"
"moletom","101","300","bordado","30","42","moletom - volume media alta - bordado"
"moletom","101","300","etiqueta","29","38","moletom - volume media alta - etiqueta"
"moletom","101","300","modelagem_exclusiva","52","72","moletom - volume media alta - modelagem_exclusiva"
"moletom","301","500","nenhuma","29","39","moletom - volume alta - nenhuma"
"moletom","301","500","silkscreen","35","48","moletom - volume alta - silkscreen"
"moletom","301","500","dtf","31","44","moletom - volume alta - dtf"
"moletom","301","500","bordado","32","48","moletom - volume alta - bordado"
"moletom","301","500","etiqueta","31","44","moletom - volume alta - etiqueta"
"moletom","301","500","modelagem_exclusiva","55","78","moletom - volume alta - modelagem_exclusiva"
"moletom","501","1000","nenhuma","46","58","moletom - volume grande - nenhuma"
"moletom","501","1000","silkscreen","52","68","moletom - volume grande - silkscreen"
"moletom","501","1000","dtf","48","64","moletom - volume grande - dtf"
"moletom","501","1000","bordado","49","68","moletom - volume grande - bordado"
"moletom","501","1000","etiqueta","48","64","moletom - volume grande - etiqueta"
"moletom","501","1000","modelagem_exclusiva","72","98","moletom - volume grande - modelagem_exclusiva"
"moletom","1001","5000","nenhuma","58","78","moletom - volume muito grande - nenhuma"
"moletom","1001","5000","silkscreen","65","87","moletom - volume muito grande - silkscreen"
"moletom","1001","5000","dtf","61","83","moletom - volume muito grande - dtf"
"moletom","1001","5000","bordado","62","87","moletom - volume muito grande - bordado"
"moletom","1001","5000","etiqueta","61","83","moletom - volume muito grande - etiqueta"
"moletom","1001","5000","modelagem_exclusiva","84","117","moletom - volume muito grande - modelagem_exclusiva"
"jaqueta","1","30","nenhuma","21","25","jaqueta - volume pequena - nenhuma"
"jaqueta","30","30","silkscreen","28","35","jaqueta - volume pequena - silkscreen"
"jaqueta","5","30","dtf","24","31","jaqueta - volume pequena - dtf"
"jaqueta","10","30","bordado","25","35","jaqueta - volume pequena - bordado"
"jaqueta","31","100","nenhuma","25","31","jaqueta - volume media - nenhuma"
"jaqueta","31","100","silkscreen","32","41","jaqueta - volume media - silkscreen"
"jaqueta","31","100","dtf","28","36","jaqueta - volume media - dtf"
"jaqueta","31","100","bordado","29","41","jaqueta - volume media - bordado"
"jaqueta","50","100","etiqueta","28","36","jaqueta - volume media - etiqueta"
"jaqueta","100","100","modelagem_exclusiva","53","73","jaqueta - volume media - modelagem_exclusiva"
"jaqueta","101","300","nenhuma","28","35","jaqueta - volume media alta - nenhuma"
"jaqueta","101","300","silkscreen","35","45","jaqueta - volume media alta - silkscreen"
"jaqueta","101","300","dtf","31","41","jaqueta - volume media alta - dtf"
"jaqueta","101","300","bordado","32","45","jaqueta - volume media alta - bordado"
"jaqueta","101","300","etiqueta","31","41","jaqueta - volume media alta - etiqueta"
"jaqueta","101","300","modelagem_exclusiva","56","77","jaqueta - volume media alta - modelagem_exclusiva"
"jaqueta","301","500","nenhuma","31","42","jaqueta - volume alta - nenhuma"
"jaqueta","301","500","silkscreen","38","52","jaqueta - volume alta - silkscreen"
"jaqueta","301","500","dtf","34","48","jaqueta - volume alta - dtf"
"jaqueta","301","500","bordado","35","52","jaqueta - volume alta - bordado"
"jaqueta","301","500","etiqueta","34","48","jaqueta - volume alta - etiqueta"
"jaqueta","301","500","modelagem_exclusiva","59","84","jaqueta - volume alta - modelagem_exclusiva"
"jaqueta","501","1000","nenhuma","49","63","jaqueta - volume grande - nenhuma"
"jaqueta","501","1000","silkscreen","56","73","jaqueta - volume grande - silkscreen"
"jaqueta","501","1000","dtf","52","69","jaqueta - volume grande - dtf"
"jaqueta","501","1000","bordado","53","73","jaqueta - volume grande - bordado"
"jaqueta","501","1000","etiqueta","52","69","jaqueta - volume grande - etiqueta"
"jaqueta","501","1000","modelagem_exclusiva","77","105","jaqueta - volume grande - modelagem_exclusiva"
"jaqueta","1001","5000","nenhuma","63","84","jaqueta - volume muito grande - nenhuma"
"jaqueta","1001","5000","silkscreen","70","94","jaqueta - volume muito grande - silkscreen"
"jaqueta","1001","5000","dtf","66","90","jaqueta - volume muito grande - dtf"
"jaqueta","1001","5000","bordado","67","94","jaqueta - volume muito grande - bordado"
"jaqueta","1001","5000","etiqueta","66","90","jaqueta - volume muito grande - etiqueta"
"jaqueta","1001","5000","modelagem_exclusiva","91","126","jaqueta - volume muito grande - modelagem_exclusiva"
"calca_jeans","1","30","nenhuma","20","23","calca jeans - volume pequena - nenhuma"
"calca_jeans","30","30","silkscreen","26","32","calca jeans - volume pequena - silkscreen"
"calca_jeans","5","30","dtf","22","29","calca jeans - volume pequena - dtf"
"calca_jeans","10","30","bordado","23","32","calca jeans - volume pequena - bordado"
"calca_jeans","31","100","nenhuma","23","29","calca jeans - volume media - nenhuma"
"calca_jeans","31","100","silkscreen","30","38","calca jeans - volume media - silkscreen"
"calca_jeans","31","100","dtf","26","34","calca jeans - volume media - dtf"
"calca_jeans","31","100","bordado","27","38","calca jeans - volume media - bordado"
"calca_jeans","50","100","etiqueta","26","34","calca jeans - volume media - etiqueta"
"calca_jeans","100","100","modelagem_exclusiva","49","68","calca jeans - volume media - modelagem_exclusiva"
"calca_jeans","101","300","nenhuma","26","32","calca jeans - volume media alta - nenhuma"
"calca_jeans","101","300","silkscreen","32","42","calca jeans - volume media alta - silkscreen"
"calca_jeans","101","300","dtf","29","38","calca jeans - volume media alta - dtf"
"calca_jeans","101","300","bordado","30","42","calca jeans - volume media alta - bordado"
"calca_jeans","101","300","etiqueta","29","38","calca jeans - volume media alta - etiqueta"
"calca_jeans","101","300","modelagem_exclusiva","52","72","calca jeans - volume media alta - modelagem_exclusiva"
"calca_jeans","301","500","nenhuma","29","39","calca jeans - volume alta - nenhuma"
"calca_jeans","301","500","silkscreen","35","48","calca jeans - volume alta - silkscreen"
"calca_jeans","301","500","dtf","31","44","calca jeans - volume alta - dtf"
"calca_jeans","301","500","bordado","32","48","calca jeans - volume alta - bordado"
"calca_jeans","301","500","etiqueta","31","44","calca jeans - volume alta - etiqueta"
"calca_jeans","301","500","modelagem_exclusiva","55","78","calca jeans - volume alta - modelagem_exclusiva"
"calca_jeans","501","1000","nenhuma","46","58","calca jeans - volume grande - nenhuma"
"calca_jeans","501","1000","silkscreen","52","68","calca jeans - volume grande - silkscreen"
"calca_jeans","501","1000","dtf","48","64","calca jeans - volume grande - dtf"
"calca_jeans","501","1000","bordado","49","68","calca jeans - volume grande - bordado"
"calca_jeans","501","1000","etiqueta","48","64","calca jeans - volume grande - etiqueta"
"calca_jeans","501","1000","modelagem_exclusiva","72","98","calca jeans - volume grande - modelagem_exclusiva"
"calca_jeans","1001","5000","nenhuma","58","78","calca jeans - volume muito grande - nenhuma"
"calca_jeans","1001","5000","silkscreen","65","87","calca jeans - volume muito grande - silkscreen"
"calca_jeans","1001","5000","dtf","61","83","calca jeans - volume muito grande - dtf"
"calca_jeans","1001","5000","bordado","62","87","calca jeans - volume muito grande - bordado"
"calca_jeans","1001","5000","etiqueta","61","83","calca jeans - volume muito grande - etiqueta"
"calca_jeans","1001","5000","modelagem_exclusiva","84","117","calca jeans - volume muito grande - modelagem_exclusiva"
"calca_alfaiataria","1","30","nenhuma","21","25","calca alfaiataria - volume pequena - nenhuma"
"calca_alfaiataria","30","30","silkscreen","28","35","calca alfaiataria - volume pequena - silkscreen"
"calca_alfaiataria","5","30","dtf","24","31","calca alfaiataria - volume pequena - dtf"
"calca_alfaiataria","10","30","bordado","25","35","calca alfaiataria - volume pequena - bordado"
"calca_alfaiataria","31","100","nenhuma","25","31","calca alfaiataria - volume media - nenhuma"
"calca_alfaiataria","31","100","silkscreen","32","41","calca alfaiataria - volume media - silkscreen"
"calca_alfaiataria","31","100","dtf","28","36","calca alfaiataria - volume media - dtf"
"calca_alfaiataria","31","100","bordado","29","41","calca alfaiataria - volume media - bordado"
"calca_alfaiataria","50","100","etiqueta","28","36","calca alfaiataria - volume media - etiqueta"
"calca_alfaiataria","100","100","modelagem_exclusiva","53","73","calca alfaiataria - volume media - modelagem_exclusiva"
"calca_alfaiataria","101","300","nenhuma","28","35","calca alfaiataria - volume media alta - nenhuma"
"calca_alfaiataria","101","300","silkscreen","35","45","calca alfaiataria - volume media alta - silkscreen"
"calca_alfaiataria","101","300","dtf","31","41","calca alfaiataria - volume media alta - dtf"
"calca_alfaiataria","101","300","bordado","32","45","calca alfaiataria - volume media alta - bordado"
"calca_alfaiataria","101","300","etiqueta","31","41","calca alfaiataria - volume media alta - etiqueta"
"calca_alfaiataria","101","300","modelagem_exclusiva","56","77","calca alfaiataria - volume media alta - modelagem_exclusiva"
"calca_alfaiataria","301","500","nenhuma","31","42","calca alfaiataria - volume alta - nenhuma"
"calca_alfaiataria","301","500","silkscreen","38","52","calca alfaiataria - volume alta - silkscreen"
"calca_alfaiataria","301","500","dtf","34","48","calca alfaiataria - volume alta - dtf"
"calca_alfaiataria","301","500","bordado","35","52","calca alfaiataria - volume alta - bordado"
"calca_alfaiataria","301","500","etiqueta","34","48","calca alfaiataria - volume alta - etiqueta"
"calca_alfaiataria","301","500","modelagem_exclusiva","59","84","calca alfaiataria - volume alta - modelagem_exclusiva"
"calca_alfaiataria","501","1000","nenhuma","49","63","calca alfaiataria - volume grande - nenhuma"
"calca_alfaiataria","501","1000","silkscreen","56","73","calca alfaiataria - volume grande - silkscreen"
"calca_alfaiataria","501","1000","dtf","52","69","calca alfaiataria - volume grande - dtf"
"calca_alfaiataria","501","1000","bordado","53","73","calca alfaiataria - volume grande - bordado"
"calca_alfaiataria","501","1000","etiqueta","52","69","calca alfaiataria - volume grande - etiqueta"
"calca_alfaiataria","501","1000","modelagem_exclusiva","77","105","calca alfaiataria - volume grande - modelagem_exclusiva"
"calca_alfaiataria","1001","5000","nenhuma","63","84","calca alfaiataria - volume muito grande - nenhuma"
"calca_alfaiataria","1001","5000","silkscreen","70","94","calca alfaiataria - volume muito grande - silkscreen"
"calca_alfaiataria","1001","5000","dtf","66","90","calca alfaiataria - volume muito grande - dtf"
"calca_alfaiataria","1001","5000","bordado","67","94","calca alfaiataria - volume muito grande - bordado"
"calca_alfaiataria","1001","5000","etiqueta","66","90","calca alfaiataria - volume muito grande - etiqueta"
"calca_alfaiataria","1001","5000","modelagem_exclusiva","91","126","calca alfaiataria - volume muito grande - modelagem_exclusiva"
"jogger","1","30","nenhuma","18","22","jogger - volume pequena - nenhuma"
"jogger","30","30","silkscreen","24","30","jogger - volume pequena - silkscreen"
"jogger","5","30","dtf","20","26","jogger - volume pequena - dtf"
"jogger","10","30","bordado","22","30","jogger - volume pequena - bordado"
"jogger","31","100","nenhuma","22","26","jogger - volume media - nenhuma"
"jogger","31","100","silkscreen","28","35","jogger - volume media - silkscreen"
"jogger","31","100","dtf","24","31","jogger - volume media - dtf"
"jogger","31","100","bordado","25","35","jogger - volume media - bordado"
"jogger","50","100","etiqueta","24","31","jogger - volume media - etiqueta"
"jogger","100","100","modelagem_exclusiva","46","62","jogger - volume media - modelagem_exclusiva"
"jogger","101","300","nenhuma","24","30","jogger - volume media alta - nenhuma"
"jogger","101","300","silkscreen","30","38","jogger - volume media alta - silkscreen"
"jogger","101","300","dtf","26","35","jogger - volume media alta - dtf"
"jogger","101","300","bordado","28","38","jogger - volume media alta - bordado"
"jogger","101","300","etiqueta","26","35","jogger - volume media alta - etiqueta"
"jogger","101","300","modelagem_exclusiva","48","66","jogger - volume media alta - modelagem_exclusiva"
"jogger","301","500","nenhuma","26","36","jogger - volume alta - nenhuma"
"jogger","301","500","silkscreen","32","44","jogger - volume alta - silkscreen"
"jogger","301","500","dtf","29","41","jogger - volume alta - dtf"
"jogger","301","500","bordado","30","44","jogger - volume alta - bordado"
"jogger","301","500","etiqueta","29","41","jogger - volume alta - etiqueta"
"jogger","301","500","modelagem_exclusiva","50","72","jogger - volume alta - modelagem_exclusiva"
"jogger","501","1000","nenhuma","42","54","jogger - volume grande - nenhuma"
"jogger","501","1000","silkscreen","48","62","jogger - volume grande - silkscreen"
"jogger","501","1000","dtf","44","59","jogger - volume grande - dtf"
"jogger","501","1000","bordado","46","62","jogger - volume grande - bordado"
"jogger","501","1000","etiqueta","44","59","jogger - volume grande - etiqueta"
"jogger","501","1000","modelagem_exclusiva","66","90","jogger - volume grande - modelagem_exclusiva"
"jogger","1001","5000","nenhuma","54","72","jogger - volume muito grande - nenhuma"
"jogger","1001","5000","silkscreen","60","80","jogger - volume muito grande - silkscreen"
"jogger","1001","5000","dtf","56","77","jogger - volume muito grande - dtf"
"jogger","1001","5000","bordado","58","80","jogger - volume muito grande - bordado"
"jogger","1001","5000","etiqueta","56","77","jogger - volume muito grande - etiqueta"
"jogger","1001","5000","modelagem_exclusiva","78","108","jogger - volume muito grande - modelagem_exclusiva"
"legging","1","30","nenhuma","16","20","legging - volume pequena - nenhuma"
"legging","30","30","silkscreen","22","28","legging - volume pequena - silkscreen"
"legging","5","30","dtf","19","24","legging - volume pequena - dtf"
"legging","10","30","bordado","20","28","legging - volume pequena - bordado"
"legging","31","100","nenhuma","20","24","legging - volume media - nenhuma"
"legging","31","100","silkscreen","25","32","legging - volume media - silkscreen"
"legging","31","100","dtf","22","29","legging - volume media - dtf"
"legging","31","100","bordado","23","32","legging - volume media - bordado"
"legging","50","100","etiqueta","22","29","legging - volume media - etiqueta"
"legging","100","100","modelagem_exclusiva","42","57","legging - volume media - modelagem_exclusiva"
"legging","101","300","nenhuma","22","28","legging - volume media alta - nenhuma"
"legging","101","300","silkscreen","28","35","legging - volume media alta - silkscreen"
"legging","101","300","dtf","24","32","legging - volume media alta - dtf"
"legging","101","300","bordado","25","35","legging - volume media alta - bordado"
"legging","101","300","etiqueta","24","32","legging - volume media alta - etiqueta"
"legging","101","300","modelagem_exclusiva","44","61","legging - volume media alta - modelagem_exclusiva"
"legging","301","500","nenhuma","24","33","legging - volume alta - nenhuma"
"legging","301","500","silkscreen","30","41","legging - volume alta - silkscreen"
"legging","301","500","dtf","26","37","legging - volume alta - dtf"
"legging","301","500","bordado","28","41","legging - volume alta - bordado"
"legging","301","500","etiqueta","26","37","legging - volume alta - etiqueta"
"legging","301","500","modelagem_exclusiva","46","66","legging - volume alta - modelagem_exclusiva"
"legging","501","1000","nenhuma","38","50","legging - volume grande - nenhuma"
"legging","501","1000","silkscreen","44","57","legging - volume grande - silkscreen"
"legging","501","1000","dtf","41","54","legging - volume grande - dtf"
"legging","501","1000","bordado","42","57","legging - volume grande - bordado"
"legging","501","1000","etiqueta","41","54","legging - volume grande - etiqueta"
"legging","501","1000","modelagem_exclusiva","61","82","legging - volume grande - modelagem_exclusiva"
"legging","1001","5000","nenhuma","50","66","legging - volume muito grande - nenhuma"
"legging","1001","5000","silkscreen","55","74","legging - volume muito grande - silkscreen"
"legging","1001","5000","dtf","52","70","legging - volume muito grande - dtf"
"legging","1001","5000","bordado","53","74","legging - volume muito grande - bordado"
"legging","1001","5000","etiqueta","52","70","legging - volume muito grande - etiqueta"
"legging","1001","5000","modelagem_exclusiva","72","99","legging - volume muito grande - modelagem_exclusiva"
"bermuda","1","30","nenhuma","16","20","bermuda - volume pequena - nenhuma"
"bermuda","30","30","silkscreen","22","28","bermuda - volume pequena - silkscreen"
"bermuda","5","30","dtf","19","24","bermuda - volume pequena - dtf"
"bermuda","10","30","bordado","20","28","bermuda - volume pequena - bordado"
"bermuda","31","100","nenhuma","20","24","bermuda - volume media - nenhuma"
"bermuda","31","100","silkscreen","25","32","bermuda - volume media - silkscreen"
"bermuda","31","100","dtf","22","29","bermuda - volume media - dtf"
"bermuda","31","100","bordado","23","32","bermuda - volume media - bordado"
"bermuda","50","100","etiqueta","22","29","bermuda - volume media - etiqueta"
"bermuda","100","100","modelagem_exclusiva","42","57","bermuda - volume media - modelagem_exclusiva"
"bermuda","101","300","nenhuma","22","28","bermuda - volume media alta - nenhuma"
"bermuda","101","300","silkscreen","28","35","bermuda - volume media alta - silkscreen"
"bermuda","101","300","dtf","24","32","bermuda - volume media alta - dtf"
"bermuda","101","300","bordado","25","35","bermuda - volume media alta - bordado"
"bermuda","101","300","etiqueta","24","32","bermuda - volume media alta - etiqueta"
"bermuda","101","300","modelagem_exclusiva","44","61","bermuda - volume media alta - modelagem_exclusiva"
"bermuda","301","500","nenhuma","24","33","bermuda - volume alta - nenhuma"
"bermuda","301","500","silkscreen","30","41","bermuda - volume alta - silkscreen"
"bermuda","301","500","dtf","26","37","bermuda - volume alta - dtf"
"bermuda","301","500","bordado","28","41","bermuda - volume alta - bordado"
"bermuda","301","500","etiqueta","26","37","bermuda - volume alta - etiqueta"
"bermuda","301","500","modelagem_exclusiva","46","66","bermuda - volume alta - modelagem_exclusiva"
"bermuda","501","1000","nenhuma","38","50","bermuda - volume grande - nenhuma"
"bermuda","501","1000","silkscreen","44","57","bermuda - volume grande - silkscreen"
"bermuda","501","1000","dtf","41","54","bermuda - volume grande - dtf"
"bermuda","501","1000","bordado","42","57","bermuda - volume grande - bordado"
"bermuda","501","1000","etiqueta","41","54","bermuda - volume grande - etiqueta"
"bermuda","501","1000","modelagem_exclusiva","61","82","bermuda - volume grande - modelagem_exclusiva"
"bermuda","1001","5000","nenhuma","50","66","bermuda - volume muito grande - nenhuma"
"bermuda","1001","5000","silkscreen","55","74","bermuda - volume muito grande - silkscreen"
"bermuda","1001","5000","dtf","52","70","bermuda - volume muito grande - dtf"
"bermuda","1001","5000","bordado","53","74","bermuda - volume muito grande - bordado"
"bermuda","1001","5000","etiqueta","52","70","bermuda - volume muito grande - etiqueta"
"bermuda","1001","5000","modelagem_exclusiva","72","99","bermuda - volume muito grande - modelagem_exclusiva"
"vestido_midi","1","30","nenhuma","20","23","vestido midi - volume pequena - nenhuma"
"vestido_midi","30","30","silkscreen","26","32","vestido midi - volume pequena - silkscreen"
"vestido_midi","5","30","dtf","22","29","vestido midi - volume pequena - dtf"
"vestido_midi","10","30","bordado","23","32","vestido midi - volume pequena - bordado"
"vestido_midi","31","100","nenhuma","23","29","vestido midi - volume media - nenhuma"
"vestido_midi","31","100","silkscreen","30","38","vestido midi - volume media - silkscreen"
"vestido_midi","31","100","dtf","26","34","vestido midi - volume media - dtf"
"vestido_midi","31","100","bordado","27","38","vestido midi - volume media - bordado"
"vestido_midi","50","100","etiqueta","26","34","vestido midi - volume media - etiqueta"
"vestido_midi","100","100","modelagem_exclusiva","49","68","vestido midi - volume media - modelagem_exclusiva"
"vestido_midi","101","300","nenhuma","26","32","vestido midi - volume media alta - nenhuma"
"vestido_midi","101","300","silkscreen","32","42","vestido midi - volume media alta - silkscreen"
"vestido_midi","101","300","dtf","29","38","vestido midi - volume media alta - dtf"
"vestido_midi","101","300","bordado","30","42","vestido midi - volume media alta - bordado"
"vestido_midi","101","300","etiqueta","29","38","vestido midi - volume media alta - etiqueta"
"vestido_midi","101","300","modelagem_exclusiva","52","72","vestido midi - volume media alta - modelagem_exclusiva"
"vestido_midi","301","500","nenhuma","29","39","vestido midi - volume alta - nenhuma"
"vestido_midi","301","500","silkscreen","35","48","vestido midi - volume alta - silkscreen"
"vestido_midi","301","500","dtf","31","44","vestido midi - volume alta - dtf"
"vestido_midi","301","500","bordado","32","48","vestido midi - volume alta - bordado"
"vestido_midi","301","500","etiqueta","31","44","vestido midi - volume alta - etiqueta"
"vestido_midi","301","500","modelagem_exclusiva","55","78","vestido midi - volume alta - modelagem_exclusiva"
"vestido_midi","501","1000","nenhuma","46","58","vestido midi - volume grande - nenhuma"
"vestido_midi","501","1000","silkscreen","52","68","vestido midi - volume grande - silkscreen"
"vestido_midi","501","1000","dtf","48","64","vestido midi - volume grande - dtf"
"vestido_midi","501","1000","bordado","49","68","vestido midi - volume grande - bordado"
"vestido_midi","501","1000","etiqueta","48","64","vestido midi - volume grande - etiqueta"
"vestido_midi","501","1000","modelagem_exclusiva","72","98","vestido midi - volume grande - modelagem_exclusiva"
"vestido_midi","1001","5000","nenhuma","58","78","vestido midi - volume muito grande - nenhuma"
"vestido_midi","1001","5000","silkscreen","65","87","vestido midi - volume muito grande - silkscreen"
"vestido_midi","1001","5000","dtf","61","83","vestido midi - volume muito grande - dtf"
"vestido_midi","1001","5000","bordado","62","87","vestido midi - volume muito grande - bordado"
"vestido_midi","1001","5000","etiqueta","61","83","vestido midi - volume muito grande - etiqueta"
"vestido_midi","1001","5000","modelagem_exclusiva","84","117","vestido midi - volume muito grande - modelagem_exclusiva"
"vestido_longo","1","30","nenhuma","26","31","vestido longo - volume pequena - nenhuma"
"vestido_longo","30","30","silkscreen","34","42","vestido longo - volume pequena - silkscreen"
"vestido_longo","5","30","dtf","29","37","vestido longo - volume pequena - dtf"
"vestido_longo","10","30","bordado","31","42","vestido longo - volume pequena - bordado"
"vestido_longo","31","100","nenhuma","31","37","vestido longo - volume media - nenhuma"
"vestido_longo","31","100","silkscreen","39","49","vestido longo - volume media - silkscreen"
"vestido_longo","31","100","dtf","34","44","vestido longo - volume media - dtf"
"vestido_longo","31","100","bordado","36","49","vestido longo - volume media - bordado"
"vestido_longo","50","100","etiqueta","34","44","vestido longo - volume media - etiqueta"
"vestido_longo","100","100","modelagem_exclusiva","65","88","vestido longo - volume media - modelagem_exclusiva"
"vestido_longo","101","300","nenhuma","34","42","vestido longo - volume media alta - nenhuma"
"vestido_longo","101","300","silkscreen","42","54","vestido longo - volume media alta - silkscreen"
"vestido_longo","101","300","dtf","37","49","vestido longo - volume media alta - dtf"
"vestido_longo","101","300","bordado","39","54","vestido longo - volume media alta - bordado"
"vestido_longo","101","300","etiqueta","37","49","vestido longo - volume media alta - etiqueta"
"vestido_longo","101","300","modelagem_exclusiva","68","94","vestido longo - volume media alta - modelagem_exclusiva"
"vestido_longo","301","500","nenhuma","37","51","vestido longo - volume alta - nenhuma"
"vestido_longo","301","500","silkscreen","46","63","vestido longo - volume alta - silkscreen"
"vestido_longo","301","500","dtf","41","58","vestido longo - volume alta - dtf"
"vestido_longo","301","500","bordado","42","63","vestido longo - volume alta - bordado"
"vestido_longo","301","500","etiqueta","41","58","vestido longo - volume alta - etiqueta"
"vestido_longo","301","500","modelagem_exclusiva","71","102","vestido longo - volume alta - modelagem_exclusiva"
"vestido_longo","501","1000","nenhuma","60","76","vestido longo - volume grande - nenhuma"
"vestido_longo","501","1000","silkscreen","68","88","vestido longo - volume grande - silkscreen"
"vestido_longo","501","1000","dtf","63","83","vestido longo - volume grande - dtf"
"vestido_longo","501","1000","bordado","65","88","vestido longo - volume grande - bordado"
"vestido_longo","501","1000","etiqueta","63","83","vestido longo - volume grande - etiqueta"
"vestido_longo","501","1000","modelagem_exclusiva","94","128","vestido longo - volume grande - modelagem_exclusiva"
"vestido_longo","1001","5000","nenhuma","76","102","vestido longo - volume muito grande - nenhuma"
"vestido_longo","1001","5000","silkscreen","85","114","vestido longo - volume muito grande - silkscreen"
"vestido_longo","1001","5000","dtf","80","109","vestido longo - volume muito grande - dtf"
"vestido_longo","1001","5000","bordado","82","114","vestido longo - volume muito grande - bordado"
"vestido_longo","1001","5000","etiqueta","80","109","vestido longo - volume muito grande - etiqueta"
"vestido_longo","1001","5000","modelagem_exclusiva","110","153","vestido longo - volume muito grande - modelagem_exclusiva"
"vestido_camisa","1","30","nenhuma","21","25","vestido camisa - volume pequena - nenhuma"
"vestido_camisa","30","30","silkscreen","28","35","vestido camisa - volume pequena - silkscreen"
"vestido_camisa","5","30","dtf","24","31","vestido camisa - volume pequena - dtf"
"vestido_camisa","10","30","bordado","25","35","vestido camisa - volume pequena - bordado"
"vestido_camisa","31","100","nenhuma","25","31","vestido camisa - volume media - nenhuma"
"vestido_camisa","31","100","silkscreen","32","41","vestido camisa - volume media - silkscreen"
"vestido_camisa","31","100","dtf","28","36","vestido camisa - volume media - dtf"
"vestido_camisa","31","100","bordado","29","41","vestido camisa - volume media - bordado"
"vestido_camisa","50","100","etiqueta","28","36","vestido camisa - volume media - etiqueta"
"vestido_camisa","100","100","modelagem_exclusiva","53","73","vestido camisa - volume media - modelagem_exclusiva"
"vestido_camisa","101","300","nenhuma","28","35","vestido camisa - volume media alta - nenhuma"
"vestido_camisa","101","300","silkscreen","35","45","vestido camisa - volume media alta - silkscreen"
"vestido_camisa","101","300","dtf","31","41","vestido camisa - volume media alta - dtf"
"vestido_camisa","101","300","bordado","32","45","vestido camisa - volume media alta - bordado"
"vestido_camisa","101","300","etiqueta","31","41","vestido camisa - volume media alta - etiqueta"
"vestido_camisa","101","300","modelagem_exclusiva","56","77","vestido camisa - volume media alta - modelagem_exclusiva"
"vestido_camisa","301","500","nenhuma","31","42","vestido camisa - volume alta - nenhuma"
"vestido_camisa","301","500","silkscreen","38","52","vestido camisa - volume alta - silkscreen"
"vestido_camisa","301","500","dtf","34","48","vestido camisa - volume alta - dtf"
"vestido_camisa","301","500","bordado","35","52","vestido camisa - volume alta - bordado"
"vestido_camisa","301","500","etiqueta","34","48","vestido camisa - volume alta - etiqueta"
"vestido_camisa","301","500","modelagem_exclusiva","59","84","vestido camisa - volume alta - modelagem_exclusiva"
"vestido_camisa","501","1000","nenhuma","49","63","vestido camisa - volume grande - nenhuma"
"vestido_camisa","501","1000","silkscreen","56","73","vestido camisa - volume grande - silkscreen"
"vestido_camisa","501","1000","dtf","52","69","vestido camisa - volume grande - dtf"
"vestido_camisa","501","1000","bordado","53","73","vestido camisa - volume grande - bordado"
"vestido_camisa","501","1000","etiqueta","52","69","vestido camisa - volume grande - etiqueta"
"vestido_camisa","501","1000","modelagem_exclusiva","77","105","vestido camisa - volume grande - modelagem_exclusiva"
"vestido_camisa","1001","5000","nenhuma","63","84","vestido camisa - volume muito grande - nenhuma"
"vestido_camisa","1001","5000","silkscreen","70","94","vestido camisa - volume muito grande - silkscreen"
"vestido_camisa","1001","5000","dtf","66","90","vestido camisa - volume muito grande - dtf"
"vestido_camisa","1001","5000","bordado","67","94","vestido camisa - volume muito grande - bordado"
"vestido_camisa","1001","5000","etiqueta","66","90","vestido camisa - volume muito grande - etiqueta"
"vestido_camisa","1001","5000","modelagem_exclusiva","91","126","vestido camisa - volume muito grande - modelagem_exclusiva"
"uniforme_polo","1","30","nenhuma","18","22","uniforme polo - volume pequena - nenhuma"
"uniforme_polo","30","30","silkscreen","24","30","uniforme polo - volume pequena - silkscreen"
"uniforme_polo","5","30","dtf","20","26","uniforme polo - volume pequena - dtf"
"uniforme_polo","10","30","bordado","22","30","uniforme polo - volume pequena - bordado"
"uniforme_polo","31","100","nenhuma","22","26","uniforme polo - volume media - nenhuma"
"uniforme_polo","31","100","silkscreen","28","35","uniforme polo - volume media - silkscreen"
"uniforme_polo","31","100","dtf","24","31","uniforme polo - volume media - dtf"
"uniforme_polo","31","100","bordado","25","35","uniforme polo - volume media - bordado"
"uniforme_polo","50","100","etiqueta","24","31","uniforme polo - volume media - etiqueta"
"uniforme_polo","100","100","modelagem_exclusiva","46","62","uniforme polo - volume media - modelagem_exclusiva"
"uniforme_polo","101","300","nenhuma","24","30","uniforme polo - volume media alta - nenhuma"
"uniforme_polo","101","300","silkscreen","30","38","uniforme polo - volume media alta - silkscreen"
"uniforme_polo","101","300","dtf","26","35","uniforme polo - volume media alta - dtf"
"uniforme_polo","101","300","bordado","28","38","uniforme polo - volume media alta - bordado"
"uniforme_polo","101","300","etiqueta","26","35","uniforme polo - volume media alta - etiqueta"
"uniforme_polo","101","300","modelagem_exclusiva","48","66","uniforme polo - volume media alta - modelagem_exclusiva"
"uniforme_polo","301","500","nenhuma","26","36","uniforme polo - volume alta - nenhuma"
"uniforme_polo","301","500","silkscreen","32","44","uniforme polo - volume alta - silkscreen"
"uniforme_polo","301","500","dtf","29","41","uniforme polo - volume alta - dtf"
"uniforme_polo","301","500","bordado","30","44","uniforme polo - volume alta - bordado"
"uniforme_polo","301","500","etiqueta","29","41","uniforme polo - volume alta - etiqueta"
"uniforme_polo","301","500","modelagem_exclusiva","50","72","uniforme polo - volume alta - modelagem_exclusiva"
"uniforme_polo","501","1000","nenhuma","42","54","uniforme polo - volume grande - nenhuma"
"uniforme_polo","501","1000","silkscreen","48","62","uniforme polo - volume grande - silkscreen"
"uniforme_polo","501","1000","dtf","44","59","uniforme polo - volume grande - dtf"
"uniforme_polo","501","1000","bordado","46","62","uniforme polo - volume grande - bordado"
"uniforme_polo","501","1000","etiqueta","44","59","uniforme polo - volume grande - etiqueta"
"uniforme_polo","501","1000","modelagem_exclusiva","66","90","uniforme polo - volume grande - modelagem_exclusiva"
"uniforme_polo","1001","5000","nenhuma","54","72","uniforme polo - volume muito grande - nenhuma"
"uniforme_polo","1001","5000","silkscreen","60","80","uniforme polo - volume muito grande - silkscreen"
"uniforme_polo","1001","5000","dtf","56","77","uniforme polo - volume muito grande - dtf"
"uniforme_polo","1001","5000","bordado","58","80","uniforme polo - volume muito grande - bordado"
"uniforme_polo","1001","5000","etiqueta","56","77","uniforme polo - volume muito grande - etiqueta"
"uniforme_polo","1001","5000","modelagem_exclusiva","78","108","uniforme polo - volume muito grande - modelagem_exclusiva"
"uniforme_jaleco","1","30","nenhuma","21","25","uniforme jaleco - volume pequena - nenhuma"
"uniforme_jaleco","30","30","silkscreen","28","35","uniforme jaleco - volume pequena - silkscreen"
"uniforme_jaleco","5","30","dtf","24","31","uniforme jaleco - volume pequena - dtf"
"uniforme_jaleco","10","30","bordado","25","35","uniforme jaleco - volume pequena - bordado"
"uniforme_jaleco","31","100","nenhuma","25","31","uniforme jaleco - volume media - nenhuma"
"uniforme_jaleco","31","100","silkscreen","32","41","uniforme jaleco - volume media - silkscreen"
"uniforme_jaleco","31","100","dtf","28","36","uniforme jaleco - volume media - dtf"
"uniforme_jaleco","31","100","bordado","29","41","uniforme jaleco - volume media - bordado"
"uniforme_jaleco","50","100","etiqueta","28","36","uniforme jaleco - volume media - etiqueta"
"uniforme_jaleco","100","100","modelagem_exclusiva","53","73","uniforme jaleco - volume media - modelagem_exclusiva"
"uniforme_jaleco","101","300","nenhuma","28","35","uniforme jaleco - volume media alta - nenhuma"
"uniforme_jaleco","101","300","silkscreen","35","45","uniforme jaleco - volume media alta - silkscreen"
"uniforme_jaleco","101","300","dtf","31","41","uniforme jaleco - volume media alta - dtf"
"uniforme_jaleco","101","300","bordado","32","45","uniforme jaleco - volume media alta - bordado"
"uniforme_jaleco","101","300","etiqueta","31","41","uniforme jaleco - volume media alta - etiqueta"
"uniforme_jaleco","101","300","modelagem_exclusiva","56","77","uniforme jaleco - volume media alta - modelagem_exclusiva"
"uniforme_jaleco","301","500","nenhuma","31","42","uniforme jaleco - volume alta - nenhuma"
"uniforme_jaleco","301","500","silkscreen","38","52","uniforme jaleco - volume alta - silkscreen"
"uniforme_jaleco","301","500","dtf","34","48","uniforme jaleco - volume alta - dtf"
"uniforme_jaleco","301","500","bordado","35","52","uniforme jaleco - volume alta - bordado"
"uniforme_jaleco","301","500","etiqueta","34","48","uniforme jaleco - volume alta - etiqueta"
"uniforme_jaleco","301","500","modelagem_exclusiva","59","84","uniforme jaleco - volume alta - modelagem_exclusiva"
"uniforme_jaleco","501","1000","nenhuma","49","63","uniforme jaleco - volume grande - nenhuma"
"uniforme_jaleco","501","1000","silkscreen","56","73","uniforme jaleco - volume grande - silkscreen"
"uniforme_jaleco","501","1000","dtf","52","69","uniforme jaleco - volume grande - dtf"
"uniforme_jaleco","501","1000","bordado","53","73","uniforme jaleco - volume grande - bordado"
"uniforme_jaleco","501","1000","etiqueta","52","69","uniforme jaleco - volume grande - etiqueta"
"uniforme_jaleco","501","1000","modelagem_exclusiva","77","105","uniforme jaleco - volume grande - modelagem_exclusiva"
"uniforme_jaleco","1001","5000","nenhuma","63","84","uniforme jaleco - volume muito grande - nenhuma"
"uniforme_jaleco","1001","5000","silkscreen","70","94","uniforme jaleco - volume muito grande - silkscreen"
"uniforme_jaleco","1001","5000","dtf","66","90","uniforme jaleco - volume muito grande - dtf"
"uniforme_jaleco","1001","5000","bordado","67","94","uniforme jaleco - volume muito grande - bordado"
"uniforme_jaleco","1001","5000","etiqueta","66","90","uniforme jaleco - volume muito grande - etiqueta"
"uniforme_jaleco","1001","5000","modelagem_exclusiva","91","126","uniforme jaleco - volume muito grande - modelagem_exclusiva"
"uniforme_avental","1","30","nenhuma","16","20","uniforme avental - volume pequena - nenhuma"
"uniforme_avental","30","30","silkscreen","22","28","uniforme avental - volume pequena - silkscreen"
"uniforme_avental","5","30","dtf","19","24","uniforme avental - volume pequena - dtf"
"uniforme_avental","10","30","bordado","20","28","uniforme avental - volume pequena - bordado"
"uniforme_avental","31","100","nenhuma","20","24","uniforme avental - volume media - nenhuma"
"uniforme_avental","31","100","silkscreen","25","32","uniforme avental - volume media - silkscreen"
"uniforme_avental","31","100","dtf","22","29","uniforme avental - volume media - dtf"
"uniforme_avental","31","100","bordado","23","32","uniforme avental - volume media - bordado"
"uniforme_avental","50","100","etiqueta","22","29","uniforme avental - volume media - etiqueta"
"uniforme_avental","100","100","modelagem_exclusiva","42","57","uniforme avental - volume media - modelagem_exclusiva"
"uniforme_avental","101","300","nenhuma","22","28","uniforme avental - volume media alta - nenhuma"
"uniforme_avental","101","300","silkscreen","28","35","uniforme avental - volume media alta - silkscreen"
"uniforme_avental","101","300","dtf","24","32","uniforme avental - volume media alta - dtf"
"uniforme_avental","101","300","bordado","25","35","uniforme avental - volume media alta - bordado"
"uniforme_avental","101","300","etiqueta","24","32","uniforme avental - volume media alta - etiqueta"
"uniforme_avental","101","300","modelagem_exclusiva","44","61","uniforme avental - volume media alta - modelagem_exclusiva"
"uniforme_avental","301","500","nenhuma","24","33","uniforme avental - volume alta - nenhuma"
"uniforme_avental","301","500","silkscreen","30","41","uniforme avental - volume alta - silkscreen"
"uniforme_avental","301","500","dtf","26","37","uniforme avental - volume alta - dtf"
"uniforme_avental","301","500","bordado","28","41","uniforme avental - volume alta - bordado"
"uniforme_avental","301","500","etiqueta","26","37","uniforme avental - volume alta - etiqueta"
"uniforme_avental","301","500","modelagem_exclusiva","46","66","uniforme avental - volume alta - modelagem_exclusiva"
"uniforme_avental","501","1000","nenhuma","38","50","uniforme avental - volume grande - nenhuma"
"uniforme_avental","501","1000","silkscreen","44","57","uniforme avental - volume grande - silkscreen"
"uniforme_avental","501","1000","dtf","41","54","uniforme avental - volume grande - dtf"
"uniforme_avental","501","1000","bordado","42","57","uniforme avental - volume grande - bordado"
"uniforme_avental","501","1000","etiqueta","41","54","uniforme avental - volume grande - etiqueta"
"uniforme_avental","501","1000","modelagem_exclusiva","61","82","uniforme avental - volume grande - modelagem_exclusiva"
"uniforme_avental","1001","5000","nenhuma","50","66","uniforme avental - volume muito grande - nenhuma"
"uniforme_avental","1001","5000","silkscreen","55","74","uniforme avental - volume muito grande - silkscreen"
"uniforme_avental","1001","5000","dtf","52","70","uniforme avental - volume muito grande - dtf"
"uniforme_avental","1001","5000","bordado","53","74","uniforme avental - volume muito grande - bordado"
"uniforme_avental","1001","5000","etiqueta","52","70","uniforme avental - volume muito grande - etiqueta"
"uniforme_avental","1001","5000","modelagem_exclusiva","72","99","uniforme avental - volume muito grande - modelagem_exclusiva"
"infantil_camiseta","1","30","nenhuma","15","18","infantil camiseta - volume pequena - nenhuma"
"infantil_camiseta","30","30","silkscreen","20","25","infantil camiseta - volume pequena - silkscreen"
"infantil_camiseta","5","30","dtf","17","22","infantil camiseta - volume pequena - dtf"
"infantil_camiseta","10","30","bordado","18","25","infantil camiseta - volume pequena - bordado"
"infantil_camiseta","31","100","nenhuma","18","22","infantil camiseta - volume media - nenhuma"
"infantil_camiseta","31","100","silkscreen","23","29","infantil camiseta - volume media - silkscreen"
"infantil_camiseta","31","100","dtf","20","26","infantil camiseta - volume media - dtf"
"infantil_camiseta","31","100","bordado","21","29","infantil camiseta - volume media - bordado"
"infantil_camiseta","50","100","etiqueta","20","26","infantil camiseta - volume media - etiqueta"
"infantil_camiseta","100","100","modelagem_exclusiva","38","52","infantil camiseta - volume media - modelagem_exclusiva"
"infantil_camiseta","101","300","nenhuma","20","25","infantil camiseta - volume media alta - nenhuma"
"infantil_camiseta","101","300","silkscreen","25","32","infantil camiseta - volume media alta - silkscreen"
"infantil_camiseta","101","300","dtf","22","29","infantil camiseta - volume media alta - dtf"
"infantil_camiseta","101","300","bordado","23","32","infantil camiseta - volume media alta - bordado"
"infantil_camiseta","101","300","etiqueta","22","29","infantil camiseta - volume media alta - etiqueta"
"infantil_camiseta","101","300","modelagem_exclusiva","40","55","infantil camiseta - volume media alta - modelagem_exclusiva"
"infantil_camiseta","301","500","nenhuma","22","30","infantil camiseta - volume alta - nenhuma"
"infantil_camiseta","301","500","silkscreen","27","37","infantil camiseta - volume alta - silkscreen"
"infantil_camiseta","301","500","dtf","24","34","infantil camiseta - volume alta - dtf"
"infantil_camiseta","301","500","bordado","25","37","infantil camiseta - volume alta - bordado"
"infantil_camiseta","301","500","etiqueta","24","34","infantil camiseta - volume alta - etiqueta"
"infantil_camiseta","301","500","modelagem_exclusiva","42","60","infantil camiseta - volume alta - modelagem_exclusiva"
"infantil_camiseta","501","1000","nenhuma","35","45","infantil camiseta - volume grande - nenhuma"
"infantil_camiseta","501","1000","silkscreen","40","52","infantil camiseta - volume grande - silkscreen"
"infantil_camiseta","501","1000","dtf","37","49","infantil camiseta - volume grande - dtf"
"infantil_camiseta","501","1000","bordado","38","52","infantil camiseta - volume grande - bordado"
"infantil_camiseta","501","1000","etiqueta","37","49","infantil camiseta - volume grande - etiqueta"
"infantil_camiseta","501","1000","modelagem_exclusiva","55","75","infantil camiseta - volume grande - modelagem_exclusiva"
"infantil_camiseta","1001","5000","nenhuma","45","60","infantil camiseta - volume muito grande - nenhuma"
"infantil_camiseta","1001","5000","silkscreen","50","67","infantil camiseta - volume muito grande - silkscreen"
"infantil_camiseta","1001","5000","dtf","47","64","infantil camiseta - volume muito grande - dtf"
"infantil_camiseta","1001","5000","bordado","48","67","infantil camiseta - volume muito grande - bordado"
"infantil_camiseta","1001","5000","etiqueta","47","64","infantil camiseta - volume muito grande - etiqueta"
"infantil_camiseta","1001","5000","modelagem_exclusiva","65","90","infantil camiseta - volume muito grande - modelagem_exclusiva"
"infantil_conjunto","1","30","nenhuma","18","22","infantil conjunto - volume pequena - nenhuma"
"infantil_conjunto","30","30","silkscreen","24","30","infantil conjunto - volume pequena - silkscreen"
"infantil_conjunto","5","30","dtf","20","26","infantil conjunto - volume pequena - dtf"
"infantil_conjunto","10","30","bordado","22","30","infantil conjunto - volume pequena - bordado"
"infantil_conjunto","31","100","nenhuma","22","26","infantil conjunto - volume media - nenhuma"
"infantil_conjunto","31","100","silkscreen","28","35","infantil conjunto - volume media - silkscreen"
"infantil_conjunto","31","100","dtf","24","31","infantil conjunto - volume media - dtf"
"infantil_conjunto","31","100","bordado","25","35","infantil conjunto - volume media - bordado"
"infantil_conjunto","50","100","etiqueta","24","31","infantil conjunto - volume media - etiqueta"
"infantil_conjunto","100","100","modelagem_exclusiva","46","62","infantil conjunto - volume media - modelagem_exclusiva"
"infantil_conjunto","101","300","nenhuma","24","30","infantil conjunto - volume media alta - nenhuma"
"infantil_conjunto","101","300","silkscreen","30","38","infantil conjunto - volume media alta - silkscreen"
"infantil_conjunto","101","300","dtf","26","35","infantil conjunto - volume media alta - dtf"
"infantil_conjunto","101","300","bordado","28","38","infantil conjunto - volume media alta - bordado"
"infantil_conjunto","101","300","etiqueta","26","35","infantil conjunto - volume media alta - etiqueta"
"infantil_conjunto","101","300","modelagem_exclusiva","48","66","infantil conjunto - volume media alta - modelagem_exclusiva"
"infantil_conjunto","301","500","nenhuma","26","36","infantil conjunto - volume alta - nenhuma"
"infantil_conjunto","301","500","silkscreen","32","44","infantil conjunto - volume alta - silkscreen"
"infantil_conjunto","301","500","dtf","29","41","infantil conjunto - volume alta - dtf"
"infantil_conjunto","301","500","bordado","30","44","infantil conjunto - volume alta - bordado"
"infantil_conjunto","301","500","etiqueta","29","41","infantil conjunto - volume alta - etiqueta"
"infantil_conjunto","301","500","modelagem_exclusiva","50","72","infantil conjunto - volume alta - modelagem_exclusiva"
"infantil_conjunto","501","1000","nenhuma","42","54","infantil conjunto - volume grande - nenhuma"
"infantil_conjunto","501","1000","silkscreen","48","62","infantil conjunto - volume grande - silkscreen"
"infantil_conjunto","501","1000","dtf","44","59","infantil conjunto - volume grande - dtf"
"infantil_conjunto","501","1000","bordado","46","62","infantil conjunto - volume grande - bordado"
"infantil_conjunto","501","1000","etiqueta","44","59","infantil conjunto - volume grande - etiqueta"
"infantil_conjunto","501","1000","modelagem_exclusiva","66","90","infantil conjunto - volume grande - modelagem_exclusiva"
"infantil_conjunto","1001","5000","nenhuma","54","72","infantil conjunto - volume muito grande - nenhuma"
"infantil_conjunto","1001","5000","silkscreen","60","80","infantil conjunto - volume muito grande - silkscreen"
"infantil_conjunto","1001","5000","dtf","56","77","infantil conjunto - volume muito grande - dtf"
"infantil_conjunto","1001","5000","bordado","58","80","infantil conjunto - volume muito grande - bordado"
"infantil_conjunto","1001","5000","etiqueta","56","77","infantil conjunto - volume muito grande - etiqueta"
"infantil_conjunto","1001","5000","modelagem_exclusiva","78","108","infantil conjunto - volume muito grande - modelagem_exclusiva"
"infantil_moletom","1","30","nenhuma","20","23","infantil moletom - volume pequena - nenhuma"
"infantil_moletom","30","30","silkscreen","26","32","infantil moletom - volume pequena - silkscreen"
"infantil_moletom","5","30","dtf","22","29","infantil moletom - volume pequena - dtf"
"infantil_moletom","10","30","bordado","23","32","infantil moletom - volume pequena - bordado"
"infantil_moletom","31","100","nenhuma","23","29","infantil moletom - volume media - nenhuma"
"infantil_moletom","31","100","silkscreen","30","38","infantil moletom - volume media - silkscreen"
"infantil_moletom","31","100","dtf","26","34","infantil moletom - volume media - dtf"
"infantil_moletom","31","100","bordado","27","38","infantil moletom - volume media - bordado"
"infantil_moletom","50","100","etiqueta","26","34","infantil moletom - volume media - etiqueta"
"infantil_moletom","100","100","modelagem_exclusiva","49","68","infantil moletom - volume media - modelagem_exclusiva"
"infantil_moletom","101","300","nenhuma","26","32","infantil moletom - volume media alta - nenhuma"
"infantil_moletom","101","300","silkscreen","32","42","infantil moletom - volume media alta - silkscreen"
"infantil_moletom","101","300","dtf","29","38","infantil moletom - volume media alta - dtf"
"infantil_moletom","101","300","bordado","30","42","infantil moletom - volume media alta - bordado"
"infantil_moletom","101","300","etiqueta","29","38","infantil moletom - volume media alta - etiqueta"
"infantil_moletom","101","300","modelagem_exclusiva","52","72","infantil moletom - volume media alta - modelagem_exclusiva"
"infantil_moletom","301","500","nenhuma","29","39","infantil moletom - volume alta - nenhuma"
"infantil_moletom","301","500","silkscreen","35","48","infantil moletom - volume alta - silkscreen"
"infantil_moletom","301","500","dtf","31","44","infantil moletom - volume alta - dtf"
"infantil_moletom","301","500","bordado","32","48","infantil moletom - volume alta - bordado"
"infantil_moletom","301","500","etiqueta","31","44","infantil moletom - volume alta - etiqueta"
"infantil_moletom","301","500","modelagem_exclusiva","55","78","infantil moletom - volume alta - modelagem_exclusiva"
"infantil_moletom","501","1000","nenhuma","46","58","infantil moletom - volume grande - nenhuma"
"infantil_moletom","501","1000","silkscreen","52","68","infantil moletom - volume grande - silkscreen"
"infantil_moletom","501","1000","dtf","48","64","infantil moletom - volume grande - dtf"
"infantil_moletom","501","1000","bordado","49","68","infantil moletom - volume grande - bordado"
"infantil_moletom","501","1000","etiqueta","48","64","infantil moletom - volume grande - etiqueta"
"infantil_moletom","501","1000","modelagem_exclusiva","72","98","infantil moletom - volume grande - modelagem_exclusiva"
"infantil_moletom","1001","5000","nenhuma","58","78","infantil moletom - volume muito grande - nenhuma"
"infantil_moletom","1001","5000","silkscreen","65","87","infantil moletom - volume muito grande - silkscreen"
"infantil_moletom","1001","5000","dtf","61","83","infantil moletom - volume muito grande - dtf"
"infantil_moletom","1001","5000","bordado","62","87","infantil moletom - volume muito grande - bordado"
"infantil_moletom","1001","5000","etiqueta","61","83","infantil moletom - volume muito grande - etiqueta"
"infantil_moletom","1001","5000","modelagem_exclusiva","84","117","infantil moletom - volume muito grande - modelagem_exclusiva"
